Date,Open,High,Low,Close,Volume,Dividends,Stock Splits,Capital Gains
2020-08-17 00:00:00-04:00,44.068246642480986,44.20983123779297,43.96205903990776,44.20983123779297,62100,0.0,0.0,0.0
2020-08-18 00:00:00-04:00,44.35140606065906,44.36910455312873,44.01514483066223,44.22751998901367,77100,0.0,0.0,0.0
2020-08-19 00:00:00-04:00,44.29832198794807,44.351414099337724,43.908961834328565,43.944358825683594,105400,0.0,0.0,0.0
2020-08-20 00:00:00-04:00,43.731973571775804,44.15673065185547,43.66118297552411,44.15673065185547,87500,0.0,0.0,0.0
2020-08-21 00:00:00-04:00,43.82047314617398,43.94435924144578,43.66119005921226,43.90896224975586,147600,0.0,0.0,0.0
2020-08-24 00:00:00-04:00,44.36910451615446,44.36910451615446,43.92665233170833,44.103633880615234,75900,0.0,0.0,0.0
2020-08-25 00:00:00-04:00,44.19212470487371,44.26291867747699,43.90895556574542,44.24522018432617,111350,0.0,0.0,0.0
2020-08-26 00:00:00-04:00,44.28061689132008,44.84695516600439,44.262918398280895,44.776161193847656,95000,0.0,0.0,0.0
2020-08-27 00:00:00-04:00,44.98854229926976,45.02393928736595,44.49299459285085,44.75846862792969,89700,0.0,0.0,0.0
2020-08-28 00:00:00-04:00,45.09472687031652,45.09472687031652,44.63457618278566,44.68767166137695,58250,0.0,0.0,0.0
2020-08-31 00:00:00-04:00,44.758466358772715,44.758466358772715,44.24522018432617,44.24522018432617,89500,0.0,0.0,0.0
2020-09-01 00:00:00-04:00,44.43990371697344,44.652278900146484,44.19212816908133,44.652278900146484,102200,0.0,0.0,0.0
2020-09-02 00:00:00-04:00,44.9177466455345,44.93544513892161,44.63457750262566,44.864654541015625,102800,0.0,0.0,0.0
2020-09-03 00:00:00-04:00,44.687673574499115,44.7761626669639,43.71428005481653,43.891258239746094,81700,0.0,0.0,0.0
2020-09-04 00:00:00-04:00,44.085933929290036,44.192121504863366,42.95325745479547,43.55499267578125,90000,0.0,0.0,0.0
2020-09-08 00:00:00-04:00,42.793985566704066,43.059456262708224,42.369231777968814,42.652400970458984,81350,0.0,0.0,0.0
2020-09-09 00:00:00-04:00,43.18333194604548,43.785067178850916,43.059445876169455,43.60808563232422,117000,0.0,0.0,0.0
2020-09-10 00:00:00-04:00,43.80276936174731,43.83816634916353,42.882467942780636,42.9886589050293,66050,0.0,0.0,0.0
2020-09-11 00:00:00-04:00,43.34261696912192,43.37801395516355,42.8824662775078,43.094844818115234,103550,0.0,0.0,0.0
2020-09-14 00:00:00-04:00,43.537294142856,43.57269112656112,43.34261410812002,43.43110656738281,80100,0.0,0.0,0.0
2020-09-15 00:00:00-04:00,43.90895238623972,43.99744484558596,43.50189720017351,43.55499267578125,70200,0.0,0.0,0.0
2020-09-16 00:00:00-04:00,43.87355779371696,43.87355779371696,43.165631637400004,43.218727111816406,66150,0.0,0.0,0.0
2020-09-17 00:00:00-04:00,42.70549061457439,43.2010383605957,42.58160452197977,43.2010383605957,89250,0.0,0.0,0.0
2020-09-18 00:00:00-04:00,43.059450743779486,43.20103532187768,42.793980081800704,42.882469177246094,147100,0.0,0.0,0.0
2020-09-21 00:00:00-04:00,42.050661727748114,42.12145233154297,41.46662489995895,42.12145233154297,107650,0.0,0.0,0.0
2020-09-22 00:00:00-04:00,42.368996356417526,42.61832941239248,42.03061335408858,42.56489944458008,87600,0.298,0.0,0.0
2020-09-23 00:00:00-04:00,42.65395842612272,42.65395842612272,41.54976263579337,41.63880920410156,175750,0.0,0.0,0.0
2020-09-24 00:00:00-04:00,41.37165994894542,42.155282541760755,41.22918342269794,41.92375946044922,135000,0.0,0.0,0.0
2020-09-25 00:00:00-04:00,41.692236937035474,42.208716516742086,41.496330421021426,42.1909065246582,129100,0.0,0.0,0.0
2020-09-28 00:00:00-04:00,42.76081433764305,42.814244315961304,42.54709782127883,42.6717643737793,87050,0.0,0.0,0.0
2020-09-29 00:00:00-04:00,42.56490790269797,42.58271789550781,42.24433482593841,42.58271789550781,132750,0.0,0.0,0.0
2020-09-30 00:00:00-04:00,42.52927953730239,42.84985255089771,42.38680301980538,42.475852966308594,86650,0.0,0.0,0.0
2020-10-01 00:00:00-04:00,42.636149439898716,42.832052574184615,42.45805290216788,42.7073860168457,84750,0.0,0.0,0.0
2020-10-02 00:00:00-04:00,42.012811625731466,42.79643432318855,42.012811625731466,42.6717643737793,126100,0.0,0.0,0.0
2020-10-05 00:00:00-04:00,43.0101504430057,43.43758010864258,42.99234044899053,43.43758010864258,54700,0.0,0.0,0.0
2020-10-06 00:00:00-04:00,43.47318654254879,43.54442649639816,42.74299400013249,42.86766052246094,163250,0.0,0.0,0.0
2020-10-07 00:00:00-04:00,43.31291007278593,43.562243175178125,43.18824352158983,43.52662658691406,126400,0.0,0.0,0.0
2020-10-08 00:00:00-04:00,43.86500193827939,44.060908440540636,43.74033539935257,44.04309844970703,85950,0.0,0.0,0.0
2020-10-09 00:00:00-04:00,44.38148090854159,44.38148090854159,44.0965278527009,44.20338439941406,168850,0.0,0.0,0.0
2020-10-12 00:00:00-04:00,44.488341541880395,44.55958151083874,44.31024501639322,44.38148498535156,51650,0.0,0.0,0.0
2020-10-13 00:00:00-04:00,44.13213992324625,44.14994991065741,43.882803496397784,44.0252799987793,39800,0.0,0.0,0.0
2020-10-14 00:00:00-04:00,44.22119428267326,44.27462425435433,43.81157469051015,43.84719467163086,112300,0.0,0.0,0.0
2020-10-15 00:00:00-04:00,43.06357467417258,43.793767346736416,43.06357467417258,43.74033737182617,68950,0.0,0.0,0.0
2020-10-16 00:00:00-04:00,43.7403344652954,43.971860944279705,43.669097900390625,43.669097900390625,54600,0.0,0.0,0.0
2020-10-19 00:00:00-04:00,43.93624135042689,43.93624135042689,43.17042873873117,43.241668701171875,73150,0.0,0.0,0.0
2020-10-20 00:00:00-04:00,43.366335991896136,43.669099043712,43.29509602821785,43.34852600097656,101750,0.0,0.0,0.0
2020-10-21 00:00:00-04:00,43.330705939264895,43.50880241015954,43.17041945515048,43.20603942871094,175750,0.0,0.0,0.0
2020-10-22 00:00:00-04:00,43.15262412018774,43.41976721878026,43.06357755295983,43.36634063720703,113350,0.0,0.0,0.0
2020-10-23 00:00:00-04:00,43.651293138110155,43.651293138110155,43.241673499349055,43.52662658691406,97600,0.0,0.0,0.0
2020-10-26 00:00:00-04:00,43.045766089806285,43.081386074244286,42.36900337002768,42.72519302368164,109650,0.0,0.0,0.0
2020-10-27 00:00:00-04:00,42.79643524485152,42.79643524485152,42.52928874441579,42.600528717041016,72850,0.0,0.0,0.0
2020-10-28 00:00:00-04:00,41.71004584781135,41.74566583105569,41.06889973704755,41.12232971191406,152550,0.0,0.0,0.0
2020-10-29 00:00:00-04:00,41.051082892740865,41.425085860556706,40.677083321833024,41.22917938232422,106200,0.0,0.0,0.0
2020-10-30 00:00:00-04:00,41.03328364555018,41.17576018333715,40.55242405667843,41.051090240478516,115100,0.0,0.0,0.0
2020-11-02 00:00:00-05:00,41.54976106750602,41.54976106750602,41.10452144895284,41.51414108276367,113500,0.0,0.0,0.0
2020-11-03 00:00:00-05:00,42.03061850980864,42.52928468292784,42.03061850980864,42.422428131103516,87600,0.0,0.0,0.0
2020-11-04 00:00:00-05:00,42.65395860598434,43.099198243220464,42.1730989825112,42.6895751953125,70000,0.0,0.0,0.0
2020-11-05 00:00:00-05:00,43.491002710446544,43.811575754501554,43.36633617040481,43.61566925048828,117650,0.0,0.0,0.0
2020-11-06 00:00:00-05:00,43.72253676002141,43.8472067282242,43.56225019781284,43.686920166015625,112650,0.0,0.0,0.0
2020-11-09 00:00:00-05:00,45.289783358638736,45.289783358638736,44.310253969005764,44.32806396484375,64500,0.0,0.0,0.0
2020-11-10 00:00:00-05:00,44.434908283865944,44.96919438311994,44.363668325614384,44.75547790527344,99550,0.0,0.0,0.0
2020-11-11 00:00:00-05:00,44.9692008781792,45.20072398212011,44.9335808939087,45.07605743408203,84650,0.0,0.0,0.0
2020-11-12 00:00:00-05:00,44.880163645093184,44.93359023569777,44.16777739921125,44.32806396484375,73450,0.0,0.0,0.0
2020-11-13 00:00:00-05:00,44.66644296687913,44.773299535129176,44.506156416049535,44.577396392822266,83800,0.0,0.0,0.0
2020-11-16 00:00:00-05:00,45.182917137371305,45.32539367675781,44.91577065372655,45.32539367675781,61100,0.0,0.0,0.0
2020-11-17 00:00:00-05:00,45.09386109681155,45.57472062624351,44.96919456627175,45.539100646972656,90700,0.0,0.0,0.0
2020-11-18 00:00:00-05:00,45.574734342474535,45.80625748359821,45.41444778442383,45.41444778442383,70550,0.0,0.0,0.0
2020-11-19 00:00:00-05:00,45.45006336347291,45.645966495593036,45.165110265017375,45.574729919433594,287550,0.0,0.0,0.0
2020-11-20 00:00:00-05:00,45.663772832745586,45.89529932977136,45.59253626228977,45.84186935424805,161500,0.0,0.0,0.0
2020-11-23 00:00:00-05:00,46.037776947021484,46.19806348044101,45.80625044456719,46.037776947021484,67700,0.0,0.0,0.0
2020-11-24 00:00:00-05:00,46.447390311735845,46.963869826830305,46.37615374922075,46.85700988769531,109150,0.0,0.0,0.0
2020-11-25 00:00:00-05:00,46.85701610442225,47.035112629701196,46.62549299939569,46.99949264526367,73700,0.0,0.0,0.0
2020-11-27 00:00:00-05:00,47.12416192160549,47.30225845719332,46.99949536576667,47.231021881103516,48200,0.0,0.0,0.0
2020-11-30 00:00:00-05:00,47.14196977322898,47.23101973543185,46.60768358764661,46.83920669555664,105550,0.0,0.0,0.0
2020-12-01 00:00:00-05:00,47.21320865603496,47.4447317586148,47.03511213263812,47.07073211669922,97200,0.0,0.0,0.0
2020-12-02 00:00:00-05:00,46.892650053652474,47.33788980098944,46.874840056129834,47.3200798034668,105200,0.0,0.0,0.0
2020-12-03 00:00:00-05:00,47.355687168246206,47.80092679683302,47.355687168246206,47.64064025878906,109150,0.0,0.0,0.0
2020-12-04 00:00:00-05:00,47.872159310736485,48.335208892822266,47.872159310736485,48.335208892822266,82300,0.0,0.0,0.0
2020-12-07 00:00:00-05:00,48.17492236837302,48.49549541727152,48.05025582644771,48.335208892822266,100750,0.0,0.0,0.0
2020-12-08 00:00:00-05:00,48.17492805499402,48.60236110191902,48.17492805499402,48.54893112182617,94000,0.0,0.0,0.0
2020-12-09 00:00:00-05:00,48.65578744921519,48.70921742904901,48.085881251956685,48.37083435058594,95400,0.0,0.0,0.0
2020-12-10 00:00:00-05:00,48.2105419550866,48.79825807427252,48.2105419550866,48.762638092041016,61750,0.0,0.0,0.0
2020-12-11 00:00:00-05:00,48.477681038182084,48.54892099678188,48.26396795619908,48.49549102783203,69450,0.0,0.0,0.0
2020-12-14 00:00:00-05:00,48.81607132098241,48.83388131328593,48.05025863647461,48.05025863647461,100100,0.0,0.0,0.0
2020-12-15 00:00:00-05:00,48.353017741752524,48.69140077391876,48.2995911661373,48.65578079223633,120650,0.0,0.0,0.0
2020-12-16 00:00:00-05:00,48.53111971131086,48.69140625,48.31740319408906,48.69140625,77150,0.0,0.0,0.0
2020-12-17 00:00:00-05:00,48.83388386307312,49.029790391732085,48.76264389013936,48.88731384277344,162850,0.0,0.0,0.0
2020-12-18 00:00:00-05:00,48.78044932125672,48.81606930439229,48.31739973121989,48.35301971435547,112650,0.0,0.0,0.0
2020-12-21 00:00:00-05:00,47.355683878930314,48.121496530411854,47.355683878930314,47.996829986572266,152300,0.0,0.0,0.0
2020-12-22 00:00:00-05:00,47.854959273875494,48.034528288926374,47.729261990838104,48.016571044921875,95650,0.442,0.0,0.0
2020-12-23 00:00:00-05:00,48.37572314617977,48.4655059673235,48.19615407889724,48.214111328125,121500,0.0,0.0,0.0
2020-12-24 00:00:00-05:00,48.25001675662375,48.59119415283203,48.25001675662375,48.59119415283203,97650,0.0,0.0,0.0
2020-12-28 00:00:00-05:00,48.86055606273759,49.093996881943085,48.14228320555748,48.25002670288086,115350,0.0,0.0,0.0
2020-12-29 00:00:00-05:00,48.53732955000213,48.62711236113078,48.178191455498116,48.32184600830078,74800,0.0,0.0,0.0
2020-12-30 00:00:00-05:00,48.303885158244455,48.68098047184681,48.303885158244455,48.50141143798828,110450,0.0,0.0,0.0
2020-12-31 00:00:00-05:00,48.46550508579738,48.59120240311036,48.12432420666571,48.17819595336914,145900,0.0,0.0,0.0
2021-01-04 00:00:00-05:00,48.663041346353324,49.00422229522878,47.89089661073843,48.285945892333984,132700,0.0,0.0,0.0
2021-01-05 00:00:00-05:00,48.339799888436836,49.16581265326791,48.339799888436836,49.04011535644531,152400,0.0,0.0,0.0
2021-01-06 00:00:00-05:00,49.11194496333999,49.812260440232166,49.093987717138326,49.57882308959961,98550,0.0,0.0,0.0
2021-01-07 00:00:00-05:00,49.65065439881858,50.189361572265625,49.65065439881858,50.189361572265625,119150,0.0,0.0,0.0
2021-01-08 00:00:00-05:00,50.20731363601782,50.29709987427652,49.722481649399974,50.117530822753906,98350,0.0,0.0,0.0
2021-01-11 00:00:00-05:00,49.578833063906394,49.794313211687744,49.36334949112984,49.5967903137207,126400,0.0,0.0,0.0
2021-01-12 00:00:00-05:00,49.56086819817555,50.027746346617874,49.47108196290125,49.95591735839844,123000,0.0,0.0,0.0
2021-01-13 00:00:00-05:00,49.9559106979038,50.009782431885796,49.596776079673134,49.902042388916016,360300,0.0,0.0,0.0
2021-01-14 00:00:00-05:00,50.027749762731,50.350973381800245,49.991835266168884,50.189361572265625,125950,0.0,0.0,0.0
2021-01-15 00:00:00-05:00,49.84818190462074,49.88409640204721,49.345389215635,49.72248458862305,187900,0.0,0.0,0.0
2021-01-19 00:00:00-05:00,49.93796373894985,49.97387823566847,49.596786295107634,49.77635192871094,75200,0.0,0.0,0.0
2021-01-20 00:00:00-05:00,49.955927381215886,50.26119379240573,49.920012879900526,50.24323654174805,140700,0.0,0.0,0.0
2021-01-21 00:00:00-05:00,50.3689193329941,50.3689193329941,49.81225842326071,50.00978469848633,132100,0.0,0.0,0.0
2021-01-22 00:00:00-05:00,49.66862338408149,49.66862338408149,49.2735741035305,49.41722869873047,217500,0.0,0.0,0.0
2021-01-25 00:00:00-05:00,49.50700465887584,49.57883365899525,48.96830085796126,49.54291915893555,359650,0.0,0.0,0.0
2021-01-26 00:00:00-05:00,49.7943089049032,49.7943089049032,49.21969066052558,49.327430725097656,308750,0.0,0.0,0.0
2021-01-27 00:00:00-05:00,48.69894571351721,48.69894571351721,47.85497214331008,47.998626708984375,325150,0.0,0.0,0.0
2021-01-28 00:00:00-05:00,47.908841143712465,48.77076848835323,47.908841143712465,48.5732421875,211650,0.0,0.0,0.0
2021-01-29 00:00:00-05:00,48.17819717803906,48.46550631777058,47.477881578067866,47.71131896972656,154050,0.0,0.0,0.0
2021-02-01 00:00:00-05:00,48.12433404418223,48.44755774048574,47.90885386331037,48.285945892333984,223000,0.0,0.0,0.0
2021-02-02 00:00:00-05:00,48.53732125006019,49.255593891248004,48.53732125006019,49.14785385131836,126450,0.0,0.0,0.0
2021-02-03 00:00:00-05:00,49.111950009173334,49.399259127929426,48.9862526978419,49.38130187988281,171550,0.0,0.0,0.0
2021-02-04 00:00:00-05:00,49.36334949112984,49.61474413853982,49.21969491761054,49.5967903137207,120300,0.0,0.0,0.0
2021-02-05 00:00:00-05:00,49.704526830571346,50.063661526170996,49.704526830571346,50.04570770263672,149250,0.0,0.0,0.0
2021-02-08 00:00:00-05:00,50.26118789426318,50.6741943359375,50.26118789426318,50.6741943359375,84800,0.0,0.0,0.0
2021-02-09 00:00:00-05:00,50.53053461426699,51.069241740801765,50.51257736754971,50.96149826049805,96750,0.0,0.0,0.0
2021-02-10 00:00:00-05:00,51.212896492035966,51.39246553492422,50.746018350524345,51.14106750488281,71600,0.0,0.0,0.0
2021-02-11 00:00:00-05:00,51.33859526750073,51.35655251480422,50.907631607201026,51.123111724853516,231850,0.0,0.0,0.0
2021-02-12 00:00:00-05:00,50.81785107948822,51.374515533447266,50.81785107948822,51.374515533447266,99000,0.0,0.0,0.0
2021-02-16 00:00:00-05:00,51.64386524950014,51.76956256445974,51.35655612245105,51.53612518310547,69850,0.0,0.0,0.0
2021-02-17 00:00:00-05:00,51.03332628291261,51.248809814453125,50.6921454517212,51.248809814453125,168700,0.0,0.0,0.0
2021-02-18 00:00:00-05:00,50.97946254628421,51.105159865666465,50.620327837334216,51.015377044677734,126150,0.0,0.0,0.0
2021-02-19 00:00:00-05:00,51.17698706179663,51.589993503805324,51.17698706179663,51.53612518310547,170150,0.0,0.0,0.0
2021-02-22 00:00:00-05:00,51.42837778902208,51.823430377481834,51.33859497800561,51.62590408325195,133900,0.0,0.0,0.0
2021-02-23 00:00:00-05:00,51.33858796731035,51.73363707682829,50.5125718337802,51.572025299072266,114450,0.0,0.0,0.0
2021-02-24 00:00:00-05:00,51.42837587464506,52.45191495210915,51.338593066970674,52.32621765136719,314200,0.0,0.0,0.0
2021-02-25 00:00:00-05:00,52.3262240912488,52.541707651179664,51.123115825372686,51.2129020690918,116000,0.0,0.0,0.0
2021-02-26 00:00:00-05:00,51.10515327903288,51.10515327903288,50.17140041611258,50.27914047241211,168000,0.0,0.0,0.0
2021-03-01 00:00:00-05:00,50.96150099270308,51.48225090043959,50.96150099270308,51.33859634399414,104650,0.0,0.0,0.0
2021-03-02 00:00:00-05:00,51.37451345108865,51.949131706082426,51.37451345108865,51.805477142333984,127100,0.0,0.0,0.0
2021-03-03 00:00:00-05:00,51.8234301786781,51.8234301786781,51.248811970389745,51.44633483886719,119450,0.0,0.0,0.0
2021-03-04 00:00:00-05:00,51.60795178710211,51.66182353387704,50.26118894268401,50.889678955078125,105100,0.0,0.0,0.0
2021-03-05 00:00:00-05:00,51.35655455967224,51.71568924505765,50.47666995673491,51.643863677978516,152850,0.0,0.0,0.0
2021-03-08 00:00:00-05:00,51.53612526343002,52.272355330765166,51.53612526343002,51.805477142333984,129600,0.0,0.0,0.0
2021-03-09 00:00:00-05:00,52.27234649658203,52.59557006663902,52.236432005465836,52.27234649658203,82350,0.0,0.0,0.0
2021-03-10 00:00:00-05:00,52.649452209472656,52.82902128723253,52.272360228672675,52.649452209472656,98100,0.0,0.0,0.0
2021-03-11 00:00:00-05:00,52.99062086739622,53.52932455117406,52.99062086739622,53.47545623779297,89800,0.0,0.0,0.0
2021-03-12 00:00:00-05:00,53.13428161862047,53.7807288546683,53.13428161862047,53.76277160644531,78600,0.0,0.0,0.0
2021-03-15 00:00:00-04:00,53.97825650607615,54.08600000493711,53.45750996156229,54.06804275512695,91400,0.0,0.0,0.0
2021-03-16 00:00:00-04:00,54.01416925484332,54.17578107290097,53.798685689101426,53.996212005615234,97400,0.0,0.0,0.0
2021-03-17 00:00:00-04:00,53.67297444455037,54.55285887847809,53.655017199981124,54.48103332519531,252650,0.0,0.0,0.0
2021-03-18 00:00:00-04:00,54.121906005081804,54.39126130198421,53.54728776501378,53.6729850769043,116450,0.0,0.0,0.0
2021-03-19 00:00:00-04:00,53.690934198682555,53.85254598236543,53.24201333845111,53.63706588745117,103100,0.0,0.0,0.0
2021-03-22 00:00:00-04:00,53.70889122778536,53.70889122778536,53.3677104163851,53.457496643066406,89750,0.0,0.0,0.0
2021-03-23 00:00:00-04:00,53.143935672904284,53.342167799247974,52.8195570796995,52.909664154052734,157450,0.212,0.0,0.0
2021-03-24 00:00:00-04:00,53.08987142829235,53.432271436367785,52.873621324311436,52.909664154052734,131500,0.0,0.0,0.0
2021-03-25 00:00:00-04:00,52.78351593017578,52.83757673575476,52.22486239948203,52.78351593017578,224450,0.0,0.0,0.0
2021-03-26 00:00:00-04:00,53.14394159460118,53.36019515991211,52.675395067455675,53.36019515991211,86850,0.0,0.0,0.0
2021-03-29 00:00:00-04:00,52.96372242381496,53.288101001478005,52.7294509161879,53.125911712646484,119250,0.0,0.0,0.0
2021-03-30 00:00:00-04:00,52.85559864064057,53.08987015386843,52.71143076236958,53.01778793334961,110600,0.0,0.0,0.0
2021-03-31 00:00:00-04:00,53.17997771534142,53.39622781612085,53.071852664951706,53.25205993652344,110500,0.0,0.0,0.0
2021-04-01 00:00:00-04:00,53.360186367767376,54.04498291015625,53.360186367767376,54.04498291015625,100000,0.0,0.0,0.0
2021-04-05 00:00:00-04:00,54.22519254255929,54.42342465441921,54.207171129005374,54.3152961730957,123400,0.0,0.0,0.0
2021-04-06 00:00:00-04:00,54.13508891202289,54.495506871401695,54.13508891202289,54.3152961730957,113500,0.0,0.0,0.0
2021-04-07 00:00:00-04:00,54.15311050415039,54.26123899269364,54.008942623326135,54.15311050415039,248150,0.0,0.0,0.0
2021-04-08 00:00:00-04:00,54.38738874306039,54.603638858738805,54.04498871646369,54.58562088012695,93200,0.0,0.0,0.0
2021-04-09 00:00:00-04:00,54.60363612519155,54.783846837390996,54.42342885022555,54.639678955078125,74750,0.0,0.0,0.0
2021-04-12 00:00:00-04:00,54.55858733059291,54.8379141218466,54.53155692529642,54.6577033996582,216400,0.0,0.5,0.0
2021-04-13 00:00:00-04:00,54.720784935326584,54.828910010143495,54.5946384418345,54.72979736328125,170000,0.0,0.0,0.0
2021-04-14 00:00:00-04:00,54.65770393891925,55.03614680297201,54.603639690559234,54.68473434448242,263700,0.0,0.0,0.0
2021-04-15 00:00:00-04:00,55.06317876786132,55.10823059082031,54.85593763246293,55.10823059082031,209500,0.0,0.0,0.0
2021-04-16 00:00:00-04:00,55.288438461279966,55.360520686840694,55.06317592089811,55.25239562988281,201100,0.0,0.0,0.0
2021-04-19 00:00:00-04:00,55.189318932584875,55.351508226467466,54.63967781856424,54.7928581237793,143800,0.0,0.0,0.0
2021-04-20 00:00:00-04:00,54.47749098539756,54.504524827088005,53.648526501205694,53.864776611328125,157200,0.0,0.0,0.0
2021-04-21 00:00:00-04:00,53.73863360073429,54.6937480540964,53.72061218419156,54.57661056518555,192400,0.0,0.0,0.0
2021-04-22 00:00:00-04:00,54.62165966825982,54.630672094699314,54.189156004470355,54.30629348754883,161900,0.0,0.0,0.0
2021-04-23 00:00:00-04:00,54.51354377641328,54.74781534472227,54.32432403617515,54.72979736328125,130200,0.0,0.0,0.0
2021-04-26 00:00:00-04:00,54.855940930073444,55.243392817832856,54.855940930073444,55.19833755493164,105400,0.0,0.0,0.0
2021-04-27 00:00:00-04:00,55.090216416155556,55.41459508367602,55.027143168274826,55.2433967590332,111500,0.0,0.0,0.0
2021-04-28 00:00:00-04:00,55.33348668363965,56.34266183649951,55.33348668363965,56.19849395751953,100700,0.0,0.0,0.0
2021-04-29 00:00:00-04:00,56.45980418262168,56.585950657956595,55.928184438543354,56.13542556762695,1604100,0.0,0.0,0.0
2021-04-30 00:00:00-04:00,55.88311871233429,55.99124374468472,55.55874017805018,55.6128044128418,102900,0.0,0.0,0.0
2021-05-03 00:00:00-04:00,56.02729372172213,56.13541876787851,55.91015625,55.91015625,81800,0.0,0.0,0.0
2021-05-04 00:00:00-04:00,55.63984498782769,55.856098529312895,55.252393160707065,55.72093963623047,143500,0.0,0.0,0.0
2021-05-05 00:00:00-04:00,56.07234310782028,56.432764495699466,56.036300281585746,56.378700256347656,134600,0.0,0.0,0.0
2021-05-06 00:00:00-04:00,56.54090098574967,56.83824920654297,56.17147053512496,56.83824920654297,102900,0.0,0.0,0.0
2021-05-07 00:00:00-04:00,56.7751742623662,57.54106903076172,56.72111344765082,57.54106903076172,103900,0.0,0.0,0.0
2021-05-10 00:00:00-04:00,57.87445754850638,57.88346310091746,57.40590759336561,57.43294143676758,83500,0.0,0.0,0.0
2021-05-11 00:00:00-04:00,56.540897952815165,57.243715982831816,56.522876537015556,57.14459991455078,255100,0.0,0.0,0.0
2021-05-12 00:00:00-04:00,57.063506033164884,57.21668290445436,56.49584349231737,56.66704177856445,217800,0.0,0.0,0.0
2021-05-13 00:00:00-04:00,56.57694298253908,56.93736100083335,56.234542943510846,56.603973388671875,495800,0.0,0.0,0.0
2021-05-14 00:00:00-04:00,57.19866476311668,57.62215944577443,57.07251828842722,57.423927307128906,95400,0.0,0.0,0.0
2021-05-17 00:00:00-04:00,57.39688773846871,58.126739501953125,57.39688773846871,58.126739501953125,93900,0.0,0.0,0.0
2021-05-18 00:00:00-04:00,58.07268155745931,58.31596895662504,57.83841345944377,58.11773681640625,89600,0.0,0.0,0.0
2021-05-19 00:00:00-04:00,57.432941232047945,57.85643248852007,57.036476944413955,57.59512710571289,110000,0.0,0.0,0.0
2021-05-20 00:00:00-04:00,57.70325357912404,58.4150840367242,57.694241152593925,58.297943115234375,91800,0.0,0.0,0.0
2021-05-21 00:00:00-04:00,58.46012962716634,58.58627609469167,57.9915865869961,58.234867095947266,75100,0.0,0.0,0.0
2021-05-24 00:00:00-04:00,58.46913935102904,58.775499954050865,58.252889255903774,58.74846267700195,92800,0.0,0.0,0.0
2021-05-25 00:00:00-04:00,58.6403363026043,58.71242195327852,58.21684169797578,58.39704895019531,108500,0.0,0.0,0.0
2021-05-26 00:00:00-04:00,58.33398746015589,58.68539648480697,58.2528962426829,58.604305267333984,173500,0.0,0.0,0.0
2021-05-27 00:00:00-04:00,58.90164831280353,59.12691084086685,58.78450739855186,58.9196662902832,62400,0.0,0.0,0.0
2021-05-28 00:00:00-04:00,59.10889107249386,59.28910523512365,59.09987864574553,59.135921478271484,116600,0.0,0.0,0.0
2021-06-01 00:00:00-04:00,59.55940471468792,59.87477084556404,59.48731906349736,59.5954475402832,117700,0.0,0.0,0.0
2021-06-02 00:00:00-04:00,59.622498751280865,59.721614837646484,59.47833427304717,59.721614837646484,109000,0.0,0.0,0.0
2021-06-03 00:00:00-04:00,59.162959556607625,59.4693133255098,59.153947129737716,59.2530632019043,160700,0.0,0.0,0.0
2021-06-04 00:00:00-04:00,59.71258552588727,59.72159795150003,59.41524422533145,59.640506744384766,83200,0.0,0.0,0.0
2021-06-07 00:00:00-04:00,59.649510590990204,59.78466947345321,59.523364133882424,59.631492614746094,128400,0.0,0.0,0.0
2021-06-08 00:00:00-04:00,59.658526155939384,59.71258696198306,59.49633686334166,59.559410095214844,100900,0.0,0.0,0.0
2021-06-09 00:00:00-04:00,59.72159598120217,59.72159598120217,59.316126210069825,59.352169036865234,204000,0.0,0.0,0.0
2021-06-10 00:00:00-04:00,59.541397997964566,59.66754447416839,59.262067765398356,59.43326950073242,220300,0.0,0.0,0.0
2021-06-11 00:00:00-04:00,59.6945755513953,59.6945755513953,59.37920935733803,59.50535583496094,124600,0.0,0.0,0.0
2021-06-14 00:00:00-04:00,59.56843085806484,59.74863815307617,59.50535761736411,59.74863815307617,83400,0.0,0.0,0.0
2021-06-15 00:00:00-04:00,59.78467613835602,59.89280463127404,59.64051168893241,59.81170654296875,94100,0.0,0.0,0.0
2021-06-16 00:00:00-04:00,59.85675773263391,60.00092217226057,59.28008622519398,59.532379150390625,87400,0.0,0.0,0.0
2021-06-17 00:00:00-04:00,59.24404420072539,59.36117823916596,58.60429945330375,58.84757995605469,111600,0.0,0.0,0.0
2021-06-18 00:00:00-04:00,58.16279099502621,58.424089493769564,57.98257683705312,58.06367492675781,125100,0.0,0.0,0.0
2021-06-21 00:00:00-04:00,58.38805848609971,59.01879090630362,58.26191200205893,58.811546325683594,87700,0.0,0.0,0.0
2021-06-22 00:00:00-04:00,58.754487674534076,59.297922258469626,58.56428591566391,59.19829177856445,93100,0.337,0.0,0.0
2021-06-23 00:00:00-04:00,59.20735232291816,59.397554086104,58.98997295629509,59.08055114746094,110900,0.0,0.0,0.0
2021-06-24 00:00:00-04:00,59.089590273546804,59.32508107984919,58.99901901270565,59.12582015991211,107800,0.0,0.0,0.0
2021-06-25 00:00:00-04:00,59.415664285588925,59.415664285588925,59.1077205547913,59.343204498291016,77800,0.0,0.0,0.0
2021-06-28 00:00:00-04:00,59.397555360459016,59.397555360459016,58.68203047780144,58.836002349853516,136100,0.0,0.0,0.0
2021-06-29 00:00:00-04:00,58.854127648411556,58.962810436643295,58.63674825165456,58.682037353515625,90200,0.0,0.0,0.0
2021-06-30 00:00:00-04:00,58.48276456740028,58.85411577936004,58.48276456740028,58.60956573486328,224000,0.0,0.0,0.0
2021-07-01 00:00:00-04:00,58.9899740146517,59.18923498255828,58.808831449361676,59.18017578125,84200,0.0,0.0,0.0
2021-07-02 00:00:00-04:00,59.243578062743495,59.243578062743495,58.85411536253818,59.15299987792969,104000,0.0,0.0,0.0
2021-07-06 00:00:00-04:00,59.01715145472508,59.05337443956578,58.2835081740017,58.75448989868164,1800000,0.0,0.0,0.0
2021-07-07 00:00:00-04:00,58.890350637724296,59.10773003448129,58.49183556396333,58.682037353515625,81200,0.0,0.0,0.0
2021-07-08 00:00:00-04:00,57.74913095348924,57.930276978486674,57.450242949055585,57.7581901550293,438500,0.0,0.0,0.0
2021-07-09 00:00:00-04:00,58.16575508391269,58.700130385031315,58.066124619272856,58.55521774291992,228800,0.0,0.0,0.0
2021-07-12 00:00:00-04:00,58.37407069770058,58.7091919934342,58.37407069770058,58.53710174560547,698300,0.0,0.0,0.0
2021-07-13 00:00:00-04:00,58.38313987414537,58.5642893528528,58.301627791336564,58.365028381347656,1060800,0.0,0.0,0.0
2021-07-14 00:00:00-04:00,58.64578691691495,58.781647264774506,57.98460357607541,58.048004150390625,99200,0.0,0.0,0.0
2021-07-15 00:00:00-04:00,57.78536296803776,58.05708028795911,57.61327613827132,57.866878509521484,142700,0.0,0.0,0.0
2021-07-16 00:00:00-04:00,57.9121565544085,57.96650139329089,57.20569092430104,57.2509765625,106200,0.0,0.0,0.0
2021-07-19 00:00:00-04:00,56.13693265772356,56.13693265772356,55.49386761921987,56.001075744628906,157500,0.0,0.0,0.0
2021-07-20 00:00:00-04:00,55.89238648310552,56.90680274145633,55.738414622773696,56.83434295654297,153900,0.0,0.0,0.0
2021-07-21 00:00:00-04:00,57.08794136028713,57.857810974121094,57.08794136028713,57.857810974121094,117400,0.0,0.0,0.0
2021-07-22 00:00:00-04:00,57.98461699189676,57.98461699189676,57.567987017910355,57.80347442626953,56100,0.0,0.0,0.0
2021-07-23 00:00:00-04:00,58.011792307185395,58.13859348015107,57.875931933251984,58.10236358642578,107800,0.0,0.0,0.0
2021-07-26 00:00:00-04:00,58.011792307185395,58.23822396035919,57.97556241346011,58.10236358642578,127200,0.0,0.0,0.0
2021-07-27 00:00:00-04:00,57.83063822649028,58.00272848042456,57.66760717280126,57.88498306274414,78100,0.0,0.0,0.0
2021-07-28 00:00:00-04:00,57.91215842655925,58.3469067864545,57.785357253473904,58.247276306152344,141700,0.0,0.0,0.0
2021-07-29 00:00:00-04:00,58.62768947235342,59.089605091521705,58.62768947235342,58.90846252441406,117700,0.0,0.0,0.0
2021-07-30 00:00:00-04:00,58.66389886846161,58.97184945338459,58.45558565555712,58.736358642578125,73100,0.0,0.0,0.0
2021-08-02 00:00:00-04:00,59.017144104858886,59.225457337406596,58.55522163898889,58.69108200073242,169600,0.0,0.0,0.0
2021-08-03 00:00:00-04:00,58.609577554596626,58.76354944468943,58.2472854701484,58.682037353515625,110300,0.0,0.0,0.0
2021-08-04 00:00:00-04:00,58.672962811494955,58.85411226143225,58.518990961656975,58.54616165161133,89600,0.0,0.0,0.0
2021-08-05 00:00:00-04:00,58.754484435698075,59.125828732027884,58.754484435698075,58.93562698364258,74900,0.0,0.0,0.0
2021-08-06 00:00:00-04:00,58.85411149567123,59.07148392262276,58.83599309584077,59.00808334350586,218800,0.0,0.0,0.0
2021-08-09 00:00:00-04:00,58.971854374780165,58.971854374780165,58.64579227418929,58.826934814453125,59300,0.0,0.0,0.0
2021-08-10 00:00:00-04:00,58.872222439816376,59.30697419983565,58.872222439816376,59.2797966003418,115400,0.0,0.0,0.0
2021-08-11 00:00:00-04:00,59.551517103158794,59.5786877924116,59.32508547919241,59.47000503540039,80100,0.0,0.0,0.0
2021-08-12 00:00:00-04:00,59.39755871131953,59.41567020487554,59.09866724154785,59.37944030761719,79800,0.0,0.0,0.0
2021-08-13 00:00:00-04:00,59.506233154185566,59.506233154185566,59.252630819061366,59.36132049560547,113300,0.0,0.0,0.0
2021-08-16 00:00:00-04:00,58.98090954720672,59.02619172410801,58.79976010916807,59.01713943481445,67200,0.0,0.0,0.0
2021-08-17 00:00:00-04:00,58.491818477058736,58.64579032217256,58.06612592044838,58.446529388427734,100200,0.0,0.0,0.0
2021-08-18 00:00:00-04:00,58.3650237164323,58.509936377669824,58.06613228306393,58.08424377441406,86200,0.0,0.0,0.0
2021-08-19 00:00:00-04:00,57.32343209771951,57.377773477500305,56.8524538942086,57.106056213378906,81700,0.0,0.0,0.0
2021-08-20 00:00:00-04:00,56.94302674990833,57.4774055480957,56.81622558679142,57.4774055480957,135600,0.0,0.0,0.0
2021-08-23 00:00:00-04:00,57.984608035759,58.582390848259706,57.984608035759,58.52804946899414,68700,0.0,0.0,0.0
2021-08-24 00:00:00-04:00,58.62768574684272,59.13489043063048,58.62768574684272,59.04431915283203,186600,0.0,0.0,0.0
2021-08-25 00:00:00-04:00,59.026200118899816,59.180171980522395,58.84505756524331,59.171119689941406,71400,0.0,0.0,0.0
2021-08-26 00:00:00-04:00,58.98996390127606,58.999023101031206,58.383128810431174,58.446529388427734,87100,0.0,0.0,0.0
2021-08-27 00:00:00-04:00,58.437466139259726,59.1348793590395,58.437466139259726,59.12582015991211,158100,0.0,0.0,0.0
2021-08-30 00:00:00-04:00,59.026207294161495,59.1711268828196,58.89034690733111,58.962806701660156,192600,0.0,0.0,0.0
2021-08-31 00:00:00-04:00,58.93562448469841,59.12582622501892,58.71825205435282,58.826934814453125,150500,0.0,0.0,0.0
2021-09-01 00:00:00-04:00,59.107714194625444,59.27979753325923,58.953735435649556,59.089595794677734,107400,0.0,0.0,0.0
2021-09-02 00:00:00-04:00,59.44283176611297,59.83229446411133,59.33414900118477,59.83229446411133,135300,0.0,0.0,0.0
2021-09-03 00:00:00-04:00,59.850407044953,60.04966797480486,59.71454669185904,59.92286682128906,77500,0.0,0.0,0.0
2021-09-07 00:00:00-04:00,59.89568744632051,59.89568744632051,59.27979318601784,59.35225296020508,144300,0.0,0.0,0.0
2021-09-08 00:00:00-04:00,59.07148984515701,59.47001175964484,58.87222888791309,59.04431915283203,162000,0.0,0.0,0.0
2021-09-09 00:00:00-04:00,58.94468136622612,59.25262505459098,58.89033307816873,58.98091125488281,77700,0.0,0.0,0.0
2021-09-10 00:00:00-04:00,59.470003492271324,59.470003492271324,58.691078173226956,58.700130462646484,187700,0.0,0.0,0.0
2021-09-13 00:00:00-04:00,59.18924253533807,59.18924253533807,58.6639193547594,58.899410247802734,90500,0.0,0.0,0.0
2021-09-14 00:00:00-04:00,59.243579441194186,59.243579441194186,58.33785285314458,58.41936492919922,126500,0.0,0.0,0.0
2021-09-15 00:00:00-04:00,58.528066270656836,59.16207224457555,58.419376570779264,59.116783142089844,70600,0.0,0.0,0.0
2021-09-16 00:00:00-04:00,58.79072457191341,58.82694755969815,58.38314340279719,58.57334518432617,158400,0.0,0.0,0.0
2021-09-17 00:00:00-04:00,58.546168292470384,58.546168292470384,57.78535779179784,57.91215896606445,66400,0.0,0.0,0.0
2021-09-20 00:00:00-04:00,56.770950661791304,56.92492254460561,56.11882632264079,56.780006408691406,148700,0.0,0.0,0.0
2021-09-21 00:00:00-04:00,57.040522692684576,57.33201023924502,56.74903514612412,57.00408935546875,109700,0.356,0.0,0.0
2021-09-22 00:00:00-04:00,57.22269787199894,58.01517934716687,57.22269787199894,57.650821685791016,100400,0.0,0.0,0.0
2021-09-23 00:00:00-04:00,58.2246754081431,58.570821553153735,58.16091274189525,58.38863754272461,105200,0.0,0.0,0.0
2021-09-24 00:00:00-04:00,57.951416554753436,58.27023341698172,57.951416554753436,58.22468566894531,90400,0.0,0.0,0.0
2021-09-27 00:00:00-04:00,58.16092031239037,58.70745851559889,58.16092031239037,58.579933166503906,94200,0.0,0.0,0.0
2021-09-28 00:00:00-04:00,58.115371146901786,58.115371146901786,57.341108178429,57.58705139160156,123700,0.0,0.0,0.0
2021-09-29 00:00:00-04:00,57.55061929881524,57.70547051526365,57.22269498774197,57.24091339111328,80200,0.0,0.0,0.0
2021-09-30 00:00:00-04:00,57.568838878777335,57.860326389065406,57.2226961572583,57.34111404418945,110800,0.0,0.0,0.0
2021-10-01 00:00:00-04:00,57.304678928477585,57.94230917910912,57.040517278603694,57.77834701538086,123200,0.0,0.0,0.0
2021-10-04 00:00:00-04:00,57.714583736290635,58.14270754543084,57.559729038914384,57.823890686035156,123100,0.0,0.0,0.0
2021-10-05 00:00:00-04:00,58.05160378561588,58.443294182169375,57.85120485593841,58.18824005126953,84700,0.0,0.0,0.0
2021-10-06 00:00:00-04:00,57.68725435982879,58.19735574415624,57.413981789876146,58.142704010009766,97800,0.0,0.0,0.0
2021-10-07 00:00:00-04:00,58.4433148464243,59.14470439868201,58.4433148464243,59.0080680847168,75900,0.0,0.0,0.0
2021-10-08 00:00:00-04:00,59.21756596678956,59.61835693662754,59.19934408884544,59.481727600097656,62300,0.0,0.0,0.0
2021-10-11 00:00:00-04:00,59.372417700901195,60.00094045288038,59.363306761849394,59.39063262939453,67400,0.0,0.0,0.0
2021-10-12 00:00:00-04:00,59.38153625066133,59.63658697991851,59.281336757080126,59.454402923583984,40900,0.0,0.0,0.0
2021-10-13 00:00:00-04:00,59.6092516947734,60.064701339263756,59.41796367804066,60.0191535949707,77500,0.0,0.0,0.0
2021-10-14 00:00:00-04:00,60.76608868366296,61.057576168317404,60.65677827081385,60.948272705078125,60200,0.0,0.0,0.0
2021-10-15 00:00:00-04:00,61.303529262428334,61.412832737083384,61.11223428256091,61.35818099975586,74900,0.0,0.0,0.0
2021-10-18 00:00:00-04:00,61.04847561687114,61.567688004428014,61.030260686435376,61.50392532348633,73300,0.0,0.0,0.0
2021-10-19 00:00:00-04:00,61.850080002100036,61.977605381413916,61.68611780732333,61.90473175048828,62300,0.0,0.0,0.0
2021-10-20 00:00:00-04:00,62.123336217719384,62.533245116941984,62.0140327376154,62.40571975708008,268900,0.0,0.0,0.0
2021-10-21 00:00:00-04:00,62.433040649052366,62.50591426305175,62.15066408181765,62.24175262451172,95800,0.0,0.0,0.0
2021-10-22 00:00:00-04:00,62.3055064734691,62.533231272751074,61.96847126867242,62.26906967163086,65900,0.0,0.0,0.0
2021-10-25 00:00:00-04:00,62.46948243701103,62.48769736715806,62.21443171728722,62.40571975708008,83400,0.0,0.0,0.0
2021-10-26 00:00:00-04:00,62.54234221472633,62.54234221472633,61.98669314847303,62.01401901245117,126600,0.0,0.0,0.0
2021-10-27 00:00:00-04:00,61.87738709620604,62.03223830271595,61.485700135874595,61.54035186767578,131200,0.0,0.0,0.0
2021-10-28 00:00:00-04:00,61.78630788791759,62.40571975708008,61.722545207986634,62.40571975708008,154200,0.0,0.0,0.0
2021-10-29 00:00:00-04:00,62.04135515623437,62.06868102474021,61.78630445069922,61.9138298034668,302000,0.0,0.0,0.0
2021-11-01 00:00:00-04:00,61.91382826138458,62.56056594848633,61.91382826138458,62.56056594848633,100100,0.0,0.0,0.0
2021-11-02 00:00:00-04:00,62.34194183212686,62.34194183212686,62.05955836181987,62.15065383911133,104400,0.0,0.0,0.0
2021-11-03 00:00:00-04:00,61.90472347613464,62.50592042649558,61.89561253608374,62.44215774536133,84000,0.0,0.0,0.0
2021-11-04 00:00:00-04:00,62.55145647440435,62.5787823428696,62.07779187191548,62.42393112182617,280100,0.0,0.0,0.0
2021-11-05 00:00:00-04:00,62.64254234205651,62.79740050609239,62.60611248540004,62.715415954589844,92400,0.0,0.0,0.0
2021-11-08 00:00:00-05:00,63.01601292353744,63.01601292353744,62.86116171272538,62.91581344604492,68900,0.0,0.0,0.0
2021-11-09 00:00:00-05:00,62.87026281706996,63.08888363953679,62.56967134799507,62.99779510498047,168400,0.0,0.0,0.0
2021-11-10 00:00:00-05:00,63.12533014736071,63.280181374872264,62.32373424097467,62.51502227783203,114700,0.0,0.0,0.0
2021-11-11 00:00:00-05:00,62.43303155026635,62.51500914186076,62.28728434350829,62.31461715698242,73700,0.0,0.0,0.0
2021-11-12 00:00:00-05:00,62.38749276383766,63.152651809905024,62.38749276383766,63.134429931640625,57300,0.0,0.0,0.0
2021-11-15 00:00:00-05:00,63.143552338008725,63.2984035833264,62.96137521994224,63.0706787109375,261400,0.0,0.0,0.0
2021-11-16 00:00:00-05:00,62.96136144186734,63.28928574231535,62.91581369751231,62.93402862548828,151800,0.0,0.0,0.0
2021-11-17 00:00:00-05:00,62.82472520382632,62.9431396097809,62.46947503635252,62.55145263671875,155400,0.0,0.0,0.0
2021-11-18 00:00:00-05:00,62.49681085986424,62.69720984772182,62.214434258580106,62.6880989074707,71900,0.0,0.0,0.0
2021-11-19 00:00:00-05:00,62.38748262116339,62.505903961798616,62.05955836181987,62.15065383911133,83900,0.0,0.0,0.0
2021-11-22 00:00:00-05:00,62.214424461720405,62.214424461720405,61.5312499923001,61.59501266479492,108400,0.0,0.0,0.0
2021-11-23 00:00:00-05:00,61.376408350695364,61.93205762468241,61.376408350695364,61.90473175048828,120500,0.0,0.0,0.0
2021-11-24 00:00:00-05:00,61.513037941485294,62.24176027179236,61.39462351639515,62.17799758911133,167700,0.0,0.0,0.0
2021-11-26 00:00:00-05:00,60.848088958389575,60.984718322753906,60.347091457015,60.984718322753906,121300,0.0,0.0,0.0
2021-11-29 00:00:00-05:00,61.39461339929153,61.39461339929153,60.15578981167966,60.593017578125,120200,0.0,0.0,0.0
2021-11-30 00:00:00-05:00,60.155796517812135,60.474609914221745,59.09004589998107,59.21757125854492,188600,0.0,0.0,0.0
2021-12-01 00:00:00-05:00,60.283319879756455,60.283319879756455,58.379536604917796,58.39775848388672,184300,0.0,0.0,0.0
2021-12-02 00:00:00-05:00,58.63459357381835,59.60014465950142,58.60726075568632,59.38153076171875,217300,0.0,0.0,0.0
2021-12-03 00:00:00-05:00,59.79143089287206,59.79143089287206,58.5434963208583,58.834983825683594,143000,0.0,0.0,0.0
2021-12-06 00:00:00-05:00,59.31775926033398,59.9827117941314,59.0900344570536,59.918949127197266,152000,0.0,0.0,0.0
2021-12-07 00:00:00-05:00,60.87541707717611,61.42195540363203,60.79343250592119,61.312644958496094,76000,0.0,0.0,0.0
2021-12-08 00:00:00-05:00,61.24886824508514,61.24886824508514,60.93005487345393,61.094017028808594,371100,0.0,0.0,0.0
2021-12-09 00:00:00-05:00,60.593017607764864,60.729653890949635,60.31064105223037,60.33796691894531,77300,0.0,0.0,0.0
2021-12-10 00:00:00-05:00,60.738759541075716,60.738759541075716,60.110236862918555,60.28330993652344,82500,0.0,0.0,0.0
2021-12-13 00:00:00-05:00,59.99182685579302,59.99182685579302,59.26310465536204,59.427066802978516,189400,0.0,0.0,0.0
2021-12-14 00:00:00-05:00,59.17201114390245,59.51815033772635,58.94428634411083,59.07181167602539,113000,0.0,0.0,0.0
2021-12-15 00:00:00-05:00,59.05360666548111,59.60014488682763,58.49795750472251,59.52727127075195,191800,0.0,0.0,0.0
2021-12-16 00:00:00-05:00,59.84607408508249,60.32885649411521,59.48171996827115,59.73677062988281,224100,0.0,0.0,0.0
2021-12-17 00:00:00-05:00,59.35420377518971,59.700343019293186,58.93518396705078,58.96251678466797,225200,0.0,0.0,0.0
2021-12-20 00:00:00-05:00,58.37041998760833,58.48883437684708,57.787441604905325,58.29754638671875,293700,0.0,0.0,0.0
2021-12-21 00:00:00-05:00,58.74136071338931,59.51318188727353,58.74136071338931,59.494808197021484,261700,0.553,0.0,0.0
2021-12-22 00:00:00-05:00,59.54074682632922,60.34013195862974,59.42129331631097,60.32175827026367,244200,0.0,0.0,0.0
2021-12-23 00:00:00-05:00,60.41364849085025,60.97414069545837,60.41364849085025,60.92819595336914,163400,0.0,0.0,0.0
2021-12-27 00:00:00-05:00,61.17627643795503,61.534622935636236,60.88224836267347,61.52543258666992,126400,0.0,0.0,0.0
2021-12-28 00:00:00-05:00,61.608137417723036,61.72758392462802,61.36004704391194,61.47031021118164,138900,0.0,0.0,0.0
2021-12-29 00:00:00-05:00,61.58056953712011,61.58056953712011,61.11196682502182,61.360050201416016,140000,0.0,0.0,0.0
2021-12-30 00:00:00-05:00,61.36005159521757,61.690834111379125,61.36005159521757,61.461124420166016,113300,0.0,0.0,0.0
2021-12-31 00:00:00-05:00,61.589755527921994,61.81946519765775,61.46111867368459,61.74595642089844,80400,0.0,0.0,0.0
2022-01-03 00:00:00-05:00,61.76435364353804,62.01243706874014,61.589772004575835,61.96649932861328,220600,0.0,0.0,0.0
2022-01-04 00:00:00-05:00,62.29727008643191,62.35239816820187,61.34167694471355,61.43355941772461,168800,0.0,0.0,0.0
2022-01-05 00:00:00-05:00,61.5713815325117,61.672454347507234,60.51471565494747,60.64335250854492,347200,0.0,0.0,0.0
2022-01-06 00:00:00-05:00,60.45959218619924,61.203849325912046,60.303384271910375,61.020084381103516,213400,0.0,0.0,0.0
2022-01-07 00:00:00-05:00,61.04763959315574,61.534622935636236,60.87305801370716,61.52543258666992,176700,0.0,0.0,0.0
2022-01-10 00:00:00-05:00,60.97413033160019,61.34166717529297,60.413638222259706,61.34166717529297,177300,0.0,0.0,0.0
2022-01-11 00:00:00-05:00,61.194651647146685,62.37076397751381,61.130333223147936,62.35239028930664,304500,0.0,0.0,0.0
2022-01-12 00:00:00-05:00,62.839362818248944,63.16095488284045,62.6923523073705,63.151771545410156,175400,0.0,0.0,0.0
2022-01-13 00:00:00-05:00,63.24367281383957,63.510136892430516,62.591298142882415,62.72911834716797,170000,0.0,0.0,0.0
2022-01-14 00:00:00-05:00,62.27887574888501,62.802613441569996,62.0951108431008,62.756675720214844,115500,0.0,0.0,0.0
2022-01-18 00:00:00-05:00,62.83937045305621,62.9404432585195,62.242123969004645,62.692359924316406,168100,0.0,0.0,0.0
2022-01-19 00:00:00-05:00,62.94046784826485,63.004786294125765,62.324847436426914,62.44429397583008,143400,0.0,0.0,0.0
2022-01-20 00:00:00-05:00,62.71991009005583,63.13338455901676,61.938898865251566,61.98483657836914,181300,0.0,0.0,0.0
2022-01-21 00:00:00-05:00,61.80109425515003,61.81027759501598,60.14718175547557,60.26662826538086,238800,0.0,0.0,0.0
2022-01-24 00:00:00-05:00,59.17320485142477,60.04609868208677,57.785756658626994,59.990970611572266,430900,0.0,0.0,0.0
2022-01-25 00:00:00-05:00,59.274283982301846,60.70767005016327,58.57596463711025,60.156368255615234,381400,0.0,0.0,0.0
2022-01-26 00:00:00-05:00,60.62497704454159,61.27735164302328,59.6142489241787,60.00934982299805,516800,0.0,0.0,0.0
2022-01-27 00:00:00-05:00,60.4687628568788,60.762790913077566,59.33859536375113,59.540740966796875,409200,0.0,0.0,0.0
2022-01-28 00:00:00-05:00,59.26510385246455,59.97260665893555,59.00783010465691,59.97260665893555,391000,0.0,0.0,0.0
2022-01-31 00:00:00-05:00,59.88072141598109,61.27736028275502,59.816402981997,61.222225189208984,361400,0.0,0.0,0.0
2022-02-01 00:00:00-05:00,61.24980608893535,62.02162742083938,61.13035254219925,61.96649932861328,313500,0.0,0.0,0.0
2022-02-02 00:00:00-05:00,62.13187053783937,62.43508195728615,61.87458983349247,62.27888107299805,204000,0.0,0.0,0.0
2022-02-03 00:00:00-05:00,61.543815249851576,61.773524910068694,61.258970504258244,61.350852966308594,144700,0.0,0.0,0.0
2022-02-04 00:00:00-05:00,61.332483004640245,61.819466392261305,61.06601894137567,61.47031021118164,177200,0.0,0.0,0.0
2022-02-07 00:00:00-05:00,61.543824134916534,62.04918125424297,61.516253083156755,61.80109786987305,111900,0.0,0.0,0.0
2022-02-08 00:00:00-05:00,61.598939655192,62.186995789498866,61.598939655192,62.07673263549805,199100,0.0,0.0,0.0
2022-02-09 00:00:00-05:00,62.58209369302246,63.04151296429105,62.5361489618229,62.91287612915039,256900,0.0,0.0,0.0
2022-02-10 00:00:00-05:00,62.29727008537626,63.50094660522241,62.29727008537626,62.49940872192383,307800,0.0,0.0,0.0
2022-02-11 00:00:00-05:00,62.50860816398289,62.98640830942035,61.948115883864546,62.26052474975586,201400,0.0,0.0,0.0
2022-02-14 00:00:00-05:00,61.96648275117637,62.10430294487159,61.451928324043976,61.74595642089844,203800,0.0,0.0,0.0
2022-02-15 00:00:00-05:00,61.79188494868226,62.22374013612357,61.7275665384366,62.17779541015625,112600,0.0,0.0,0.0
2022-02-16 00:00:00-05:00,62.122687858894984,62.26969841220482,61.83785009235619,62.04917907714844,259900,0.0,0.0,0.0
2022-02-17 00:00:00-05:00,61.773514299334984,61.94808884418952,61.21302226386539,61.268150329589844,116400,0.0,0.0,0.0
2022-02-18 00:00:00-05:00,61.13953540413977,61.36005475621317,60.496344029498644,60.51472473144531,128100,0.0,0.0,0.0
2022-02-22 00:00:00-05:00,60.39526203191681,60.78117254722034,59.660188374992224,60.2574348449707,195100,0.0,0.0,0.0
2022-02-23 00:00:00-05:00,60.707672313393374,60.78118109145562,59.715324840101815,59.78883361816406,220400,0.0,0.0,0.0
2022-02-24 00:00:00-05:00,58.355438674541894,59.678565013278536,58.05222375539211,59.6510009765625,228800,0.0,0.0,0.0
2022-02-25 00:00:00-05:00,59.77046058493888,61.19465637207031,59.752079885130065,61.19465637207031,850100,0.0,0.0,0.0
2022-02-28 00:00:00-05:00,60.670921634216526,61.332486656863715,60.487156688007126,61.20384979248047,193600,0.0,0.0,0.0
2022-03-01 00:00:00-05:00,61.14871587457362,61.52543608140342,60.25744124913694,60.42283248901367,161500,0.0,0.0,0.0
2022-03-02 00:00:00-05:00,60.88225930900573,61.929734953663676,60.88225930900573,61.837852478027344,259700,0.0,0.0,0.0
2022-03-03 00:00:00-05:00,61.920534887431955,62.14105419639537,61.46111557115175,61.62650680541992,110700,0.0,0.0,0.0
2022-03-04 00:00:00-05:00,60.82712589277447,61.8929822680606,60.82712589277447,61.85622787475586,3119400,0.0,0.0,0.0
2022-03-07 00:00:00-05:00,61.957294179927274,62.223758245691144,61.130337943105445,61.19465637207031,873300,0.0,0.0,0.0
2022-03-08 00:00:00-05:00,61.18546179141368,61.34166968825542,60.39526700884858,60.55146789550781,375100,0.0,0.0,0.0
2022-03-09 00:00:00-05:00,61.05682780690547,61.7643375199736,60.84549883508303,61.70920944213867,359700,0.0,0.0,0.0
2022-03-10 00:00:00-05:00,61.231409093313864,62.14105742394388,61.231409093313864,62.131874084472656,222000,0.0,0.0,0.0
2022-03-11 00:00:00-05:00,62.26051725663354,62.582109425329186,61.745962776537,61.80109786987305,266400,0.0,0.0,0.0
2022-03-14 00:00:00-04:00,61.70002007258316,61.764338501139925,60.652544515982704,60.89143753051758,204800,0.0,0.0,0.0
2022-03-15 00:00:00-04:00,60.468775128128364,61.111966451089415,60.26662948406013,61.05683135986328,102900,0.0,0.0,0.0
2022-03-16 00:00:00-04:00,61.74595276635946,62.34319927435994,61.04764045902517,62.24212646484375,129200,0.0,0.0,0.0
2022-03-17 00:00:00-04:00,62.517789084761084,63.59282873454726,62.44428030267743,63.53770065307617,145400,0.0,0.0,0.0
2022-03-18 00:00:00-04:00,63.13340930127728,63.905237492049224,63.13340930127728,63.76741027832031,112100,0.0,0.0,0.0
2022-03-21 00:00:00-04:00,63.94197951407148,64.47490762372895,63.886851437273364,64.35546112060547,221700,0.0,0.0,0.0
2022-03-22 00:00:00-04:00,64.63741299199171,64.92305005236926,64.47155762761172,64.76641082763672,527000,0.196,0.0,0.0
2022-03-23 00:00:00-04:00,64.51763958502703,64.84935039254749,64.16750352369164,64.17671966552734,170000,0.0,0.0,0.0
2022-03-24 00:00:00-04:00,64.54527233626686,64.63741264267895,64.16748794116607,64.453125,191100,0.0,0.0,0.0
2022-03-25 00:00:00-04:00,64.4992065905175,65.06127166748047,64.41628241351755,65.06127166748047,114900,0.0,0.0,0.0
2022-03-28 00:00:00-04:00,64.37940991486686,64.74797110010985,64.20433843097862,64.71112060546875,274800,0.0,0.0,0.0
2022-03-29 00:00:00-04:00,65.06127166748047,65.263984584399,64.60977918970642,65.06127166748047,145500,0.0,0.0,0.0
2022-03-30 00:00:00-04:00,65.31925941433641,65.5219723065681,64.99676482662908,65.20868682861328,368300,0.0,0.0,0.0
2022-03-31 00:00:00-04:00,64.91384143919906,65.39298233845325,64.5268478873938,64.62820434570312,90400,0.0,0.0,0.0
2022-04-01 00:00:00-04:00,64.74798631993657,64.93227398573119,64.13985459745342,64.60977935791016,89200,0.0,0.0,0.0
2022-04-04 00:00:00-04:00,64.90463256768088,65.20869491387448,64.67427825792035,65.1349868774414,109900,0.0,0.0,0.0
2022-04-05 00:00:00-04:00,65.42060861990093,65.97345742761944,64.6558308037991,64.71112060546875,396600,0.0,0.0,0.0
2022-04-06 00:00:00-04:00,64.65583806659743,64.70191173485527,63.86341877557522,64.10298919677734,281300,0.0,0.0,0.0
2022-04-07 00:00:00-04:00,63.891064027013705,64.149066743058,63.292148482584146,63.90949630737305,268000,0.0,0.0,0.0
2022-04-08 00:00:00-04:00,63.80813582933145,64.28726964061777,63.762062161195075,64.0937728881836,119500,0.0,0.0,0.0
2022-04-11 00:00:00-04:00,63.64228823198937,63.973998999455944,63.44879145594314,63.577789306640625,260100,0.0,0.0,0.0
2022-04-12 00:00:00-04:00,64.05692332225634,64.1306383884958,63.1907958984375,63.1907958984375,170900,0.0,0.0,0.0
2022-04-13 00:00:00-04:00,63.27371638910447,64.07535187057836,63.27371638910447,63.85421371459961,298500,0.0,0.0,0.0
2022-04-14 00:00:00-04:00,63.73442459106445,64.07535147807869,63.66992566972178,63.73442459106445,237100,0.0,0.0,0.0
2022-04-18 00:00:00-04:00,63.69756730267958,64.0845678620633,63.61464313057571,63.78049850463867,264300,0.0,0.0,0.0
2022-04-19 00:00:00-04:00,63.531708257996414,64.28727002288416,63.531708257996414,64.27806091308594,360400,0.0,0.0,0.0
2022-04-20 00:00:00-04:00,64.92305006888083,64.96912373727497,64.49919903310301,64.70191192626953,147700,0.0,0.0,0.0
2022-04-21 00:00:00-04:00,65.07047992332585,65.21790300785818,63.2645032012124,63.34742736816406,418200,0.0,0.0,0.0
2022-04-22 00:00:00-04:00,62.601088992073684,62.665587917119915,61.27424592843057,61.35717010498047,212700,0.0,0.0,0.0
2022-04-25 00:00:00-04:00,60.426540274971615,60.97017303615204,59.6433370789354,60.7490348815918,297500,0.0,0.0,0.0
2022-04-26 00:00:00-04:00,60.29755016432816,60.29755016432816,59.40377426147461,59.40377426147461,334600,0.0,0.0,0.0
2022-04-27 00:00:00-04:00,59.43140423530411,60.03954290878633,59.15497628738405,59.634117126464844,277500,0.0,0.0,0.0
2022-04-28 00:00:00-04:00,59.77233514033797,61.05310446121347,59.689403938414884,60.8596076965332,178900,0.0,0.0,0.0
2022-04-29 00:00:00-04:00,60.97016906005196,61.23738086806996,59.52354446481981,59.597259521484375,197900,0.0,0.0,0.0
2022-05-02 00:00:00-04:00,59.18262814181879,59.459049075931304,58.59291819829166,59.38533401489258,289900,0.0,0.0,0.0
2022-05-03 00:00:00-04:00,59.42219583928201,60.500259352773064,59.42219583928201,60.168548583984375,216600,0.0,0.0,0.0
2022-05-04 00:00:00-04:00,60.43575339278716,61.34796152181558,59.8276216699572,61.32032012939453,179700,0.0,0.0,0.0
2022-05-05 00:00:00-04:00,60.99781444960689,60.99781444960689,59.053623639154004,59.56962203979492,349600,0.0,0.0,0.0
2022-05-06 00:00:00-04:00,59.1918377419065,59.459049567991876,58.47313346546901,59.1826286315918,258700,0.0,0.0,0.0
2022-05-09 00:00:00-04:00,58.334914693900416,58.334914693900416,56.740863619382225,56.796146392822266,223000,0.0,0.0,0.0
2022-05-10 00:00:00-04:00,57.57935672758525,57.80971100499371,56.0129469382223,56.44601058959961,1240800,0.0,0.0,0.0
2022-05-11 00:00:00-04:00,56.84221666603898,57.77284985681228,56.344654129360194,56.575008392333984,463800,0.0,0.0,0.0
2022-05-12 00:00:00-04:00,56.123512369332516,56.38150801853023,55.20209531942397,56.0313720703125,315700,0.0,0.0,0.0
2022-05-13 00:00:00-04:00,56.5657997750463,57.8649978503766,56.5657997750463,57.48721694946289,310300,0.0,0.0,0.0
2022-05-16 00:00:00-04:00,57.431934177659166,58.47313305416718,57.431934177659166,58.15985107421875,274000,0.0,0.0,0.0
2022-05-17 00:00:00-04:00,58.77720284237448,59.127338840542436,58.50999101619819,59.11812973022461,246800,0.0,0.0,0.0
2022-05-18 00:00:00-04:00,58.8232726872326,58.92462913903408,57.413505531991376,57.625431060791016,1303200,0.0,0.0,0.0
2022-05-19 00:00:00-04:00,57.57936084133482,58.64820462427635,57.450359484230646,58.1137809753418,354100,0.0,0.0,0.0
2022-05-20 00:00:00-04:00,58.666622092652325,58.7679785308971,57.247642502006684,58.0769157409668,283700,0.0,0.0,0.0
2022-05-23 00:00:00-04:00,58.50077411410507,59.274764630457895,58.325702612892535,59.090476989746094,145100,0.0,0.0,0.0
2022-05-24 00:00:00-04:00,58.43627947668004,58.66663378590365,57.86500177398528,58.52842330932617,175600,0.0,0.0,0.0
2022-05-25 00:00:00-04:00,58.1782724831011,58.970691715415334,58.1782724831011,58.77719497680664,194400,0.0,0.0,0.0
2022-05-26 00:00:00-04:00,58.915420800908336,59.624912542547015,58.878566780313534,59.37613296508789,163100,0.0,0.0,0.0
2022-05-27 00:00:00-04:00,59.846027521809994,60.36202578920653,59.7078206045062,60.30673599243164,176600,0.0,0.0,0.0
2022-05-31 00:00:00-04:00,60.67531239344656,61.191310730735715,60.4818156531585,60.62924575805664,319300,0.0,0.0,0.0
2022-06-01 00:00:00-04:00,60.933315396146725,61.200527221111464,60.18696973218481,60.546321868896484,257300,0.0,0.0,0.0
2022-06-02 00:00:00-04:00,60.63846216078319,61.854732553067855,60.63846216078319,61.72573471069336,159900,0.0,0.0,0.0
2022-06-03 00:00:00-04:00,61.486167511487785,61.55987553839909,60.90567022677366,61.00702667236328,238500,0.0,0.0,0.0
2022-06-06 00:00:00-04:00,61.661224518568076,61.661224518568076,61.0991595810229,61.117591857910156,315000,0.0,0.0,0.0
2022-06-07 00:00:00-04:00,60.60160124855625,61.68887373779662,60.60160124855625,61.61516571044922,216100,0.0,0.0,0.0
2022-06-08 00:00:00-04:00,61.30188394644677,61.61516944361008,60.85039149597413,61.053104400634766,353500,0.0,0.0,0.0
2022-06-09 00:00:00-04:00,60.62925304550337,60.905673980630816,59.7907600402832,59.7907600402832,238600,0.0,0.0,0.0
2022-06-10 00:00:00-04:00,58.76798628221853,58.933841654871806,58.25199491389954,58.53763198852539,270400,0.0,0.0,0.0
2022-06-13 00:00:00-04:00,56.98965071213285,57.2384337704947,56.289375207613524,56.61186981201172,346200,0.0,0.0,0.0
2022-06-14 00:00:00-04:00,56.72243479932421,56.81457509824933,55.46930705035088,55.865516662597656,232700,0.0,0.0,0.0
2022-06-15 00:00:00-04:00,56.35387797316909,56.750087665562134,55.165248895989976,56.25252151489258,327400,0.0,0.0,0.0
2022-06-16 00:00:00-04:00,55.146812566181005,55.35874159438129,54.234611596655085,54.41889572143555,378000,0.0,0.0,0.0
2022-06-17 00:00:00-04:00,54.19775373311857,54.52024831329198,53.28555276924104,53.829185485839844,214600,0.0,0.0,0.0
2022-06-21 00:00:00-04:00,54.94043277401022,55.636116125334986,54.94043277401022,55.26508712768555,241800,0.388,0.0,0.0
2022-06-22 00:00:00-04:00,54.35605540186603,55.00536054252211,54.01285262091304,54.49519348144531,218600,0.0,0.0,0.0
2022-06-23 00:00:00-04:00,54.71780927709573,54.71780927709573,53.261509054108515,53.447025299072266,250000,0.0,0.0,0.0
2022-06-24 00:00:00-04:00,54.00358077292696,54.85695065245069,53.91082086965579,54.829124450683594,330700,0.0,0.0,0.0
2022-06-27 00:00:00-04:00,54.9589841574266,55.561911137394226,54.736363930513306,55.459877014160156,174100,0.0,0.0,0.0
2022-06-28 00:00:00-04:00,56.025692519436035,56.33179130965781,55.2186974012292,55.39493942260742,312700,0.0,0.0,0.0
2022-06-29 00:00:00-04:00,55.673216339108656,55.673216339108656,54.87549891713762,55.0146369934082,293800,0.0,0.0,0.0
2022-06-30 00:00:00-04:00,54.39316005201943,54.59722829441196,53.74385490312097,54.48591995239258,502700,0.0,0.0,0.0
2022-07-01 00:00:00-04:00,54.34677562719154,55.12594100866636,53.94791694748253,54.95897674560547,180000,0.0,0.0,0.0
2022-07-05 00:00:00-04:00,53.62326663817353,53.975743606825176,52.742067139688366,53.77167892456055,312800,0.0,0.0,0.0
2022-07-06 00:00:00-04:00,53.89226447636595,53.92009421428289,52.81627445552072,53.474857330322266,196000,0.0,0.0,0.0
2022-07-07 00:00:00-04:00,54.04995906587642,54.67143449613586,54.04068130631608,54.578678131103516,121300,0.0,0.0,0.0
2022-07-08 00:00:00-04:00,54.58794342603568,54.85694179444289,54.17981053283118,54.66215133666992,135300,0.0,0.0,0.0
2022-07-11 00:00:00-04:00,53.99430506374842,54.17982133890699,53.725306641689926,53.864444732666016,250500,0.0,0.0,0.0
2022-07-12 00:00:00-04:00,53.493405274640885,53.8737155357415,53.15948026859021,53.4192008972168,73000,0.0,0.0,0.0
2022-07-13 00:00:00-04:00,52.99250701460344,53.604708062909445,52.62147457508507,53.31715774536133,250400,0.0,0.0,0.0
2022-07-14 00:00:00-04:00,51.98145515350916,52.250453535712694,51.27649412003978,51.94435119628906,266800,0.0,0.0,0.0
2022-07-15 00:00:00-04:00,52.658584478030335,52.6771364559457,52.102035755853386,52.47306823730469,215400,0.0,0.0,0.0
2022-07-18 00:00:00-04:00,53.15947856118584,53.80878011189769,53.00178851427863,53.19657897949219,213500,0.0,0.0,0.0
2022-07-19 00:00:00-04:00,53.74384632483054,54.643597753480655,53.73457210548773,54.62504577636719,184900,0.0,0.0,0.0
2022-07-20 00:00:00-04:00,54.495181806250436,54.93114439299727,54.272561634304,54.8105583190918,415000,0.0,0.0,0.0
2022-07-21 00:00:00-04:00,54.43025885360032,54.940425872802734,54.170538234027035,54.940425872802734,183700,0.0,0.0,0.0
2022-07-22 00:00:00-04:00,55.01463768320236,55.339288480666625,54.33750634961381,54.569400787353516,172800,0.0,0.0,0.0
2022-07-25 00:00:00-04:00,54.95898496814817,55.33001750566742,54.74564249752459,55.32073974609375,161800,0.0,0.0,0.0
2022-07-26 00:00:00-04:00,55.05173882102599,55.20942888072546,54.52301977916772,54.68070983886719,267400,0.0,0.0,0.0
2022-07-27 00:00:00-04:00,54.99608426858591,56.007144132287074,54.99608426858591,55.830902099609375,168300,0.0,0.0,0.0
2022-07-28 00:00:00-04:00,56.053528618080435,56.43383538730537,55.404223428605796,56.3503532409668,152900,0.0,0.0,0.0
2022-07-29 00:00:00-04:00,56.32251708469579,57.16661262031089,56.32251708469579,57.0089225769043,109200,0.0,0.0,0.0
2022-08-01 00:00:00-04:00,56.62861923677737,56.84196168828763,56.406002564952836,56.58224105834961,362300,0.0,0.0,0.0
2022-08-02 00:00:00-04:00,56.600792407617,56.860513034665146,56.08134761509255,56.22048568725586,101500,0.0,0.0,0.0
2022-08-03 00:00:00-04:00,56.47092800223964,56.69354465545646,56.25758556856189,56.535858154296875,162900,0.0,0.0,0.0
2022-08-04 00:00:00-04:00,56.554417071849635,56.73992979281945,56.48948691182453,56.54513931274414,129000,0.0,0.0,0.0
2022-08-05 00:00:00-04:00,55.682486946381175,56.378170205734975,55.682486946381175,56.31324005126953,97700,0.0,0.0,0.0
2022-08-08 00:00:00-04:00,56.87906364638369,57.092406090392274,56.63789500398254,56.67499542236328,393100,0.0,0.0,0.0
2022-08-09 00:00:00-04:00,56.76774637914313,56.80485033011178,56.220475486851775,56.3874397277832,94200,0.0,0.0,0.0
2022-08-10 00:00:00-04:00,57.23154811225434,57.8623012678587,56.99037591476709,57.73244094848633,510000,0.0,0.0,0.0
2022-08-11 00:00:00-04:00,58.21477234322693,58.59507904201893,58.019981883988386,58.07563781738281,97400,0.0,0.0,0.0
2022-08-12 00:00:00-04:00,58.15912608279906,58.67856736222508,58.10347014353413,58.66001892089844,138600,0.0,0.0,0.0
2022-08-15 00:00:00-04:00,57.43560737770677,58.19622431914651,57.43560737770677,58.06636047363281,100800,0.0,0.0,0.0
2022-08-16 00:00:00-04:00,57.97361558354769,58.771333100125894,57.97361558354769,58.68785095214844,69400,0.0,0.0,0.0
2022-08-17 00:00:00-04:00,58.0570881607685,58.53015122903681,57.91795009093353,58.22405242919922,106700,0.0,0.0,0.0
2022-08-18 00:00:00-04:00,58.38174035019674,58.47450024513804,58.094193521949194,58.326087951660156,95300,0.0,0.0,0.0
2022-08-19 00:00:00-04:00,57.880856086886475,57.89013030797017,57.45416761003824,57.621131896972656,112100,0.0,0.0,0.0
2022-08-22 00:00:00-04:00,56.99037982372669,57.073861968824716,56.68428098398632,57.04603576660156,214000,0.0,0.0,0.0
2022-08-23 00:00:00-04:00,57.129509804748835,57.70460697913253,56.97181975819463,57.426334381103516,94500,0.0,0.0,0.0
2022-08-24 00:00:00-04:00,57.073860550580065,57.509823246195104,57.03676012801397,57.37996292114258,551700,0.0,0.0,0.0
2022-08-25 00:00:00-04:00,57.723154122058894,58.084908823035654,57.54691565037035,58.001426696777344,73900,0.0,0.0,0.0
2022-08-26 00:00:00-04:00,58.08491557755489,58.11274531516241,56.70282676241563,56.712100982666016,99500,0.0,0.0,0.0
2022-08-29 00:00:00-04:00,56.54514562796818,56.90690042806146,56.31325116242852,56.62862777709961,206800,0.0,0.0,0.0
2022-08-30 00:00:00-04:00,56.60079307343525,56.60079307343525,55.2650824263532,55.33928680419922,229000,0.0,0.0,0.0
2022-08-31 00:00:00-04:00,55.246533260239815,55.348563842669584,54.65288051510403,54.67143249511719,1966100,0.0,0.0,0.0
2022-09-01 00:00:00-04:00,54.16126521976563,54.20764340040494,53.57689023611091,54.17981719970703,132100,0.0,0.0,0.0
2022-09-02 00:00:00-04:00,54.97753191303806,55.38566483618227,54.38388273812713,54.597225189208984,203800,0.0,0.0,0.0
2022-09-06 00:00:00-04:00,54.8847678217428,54.94970151256063,53.9664679302696,54.040672302246094,265000,0.0,0.0,0.0
2022-09-07 00:00:00-04:00,53.678924156338866,54.68070983886719,53.58616779540625,54.68070983886719,182700,0.0,0.0,0.0
2022-09-08 00:00:00-04:00,54.2261903628469,55.265079912867435,54.2261903628469,55.255802154541016,83700,0.0,0.0,0.0
2022-09-09 00:00:00-04:00,56.02570010439879,56.647175527172465,56.02570010439879,56.637901306152344,146500,0.0,0.0,0.0
2022-09-12 00:00:00-04:00,57.222267948852256,57.60257467036103,57.12951159274892,57.39850997924805,105200,0.0,0.0,0.0
2022-09-13 00:00:00-04:00,56.09989704166097,56.60078983254684,55.47842170137621,55.7010383605957,139900,0.0,0.0,0.0
2022-09-14 00:00:00-04:00,55.74741775475255,56.229758578173644,55.5711792674831,55.868003845214844,129700,0.0,0.0,0.0
2022-09-15 00:00:00-04:00,55.52480909675788,56.03497619214325,55.04246820378833,55.18160629272461,136700,0.0,0.0,0.0
2022-09-16 00:00:00-04:00,54.411708140680005,54.56939819082249,54.08705735866333,54.420982360839844,443300,0.0,0.0,0.0
2022-09-19 00:00:00-04:00,53.66036514807844,55.1166617622318,53.66036514807844,55.10738754272461,111700,0.0,0.0,0.0
2022-09-20 00:00:00-04:00,54.54494055961991,54.554282078012285,53.75077606029002,54.13384246826172,125500,0.428,0.0,0.0
2022-09-21 00:00:00-04:00,54.39544379939411,54.39544379939411,53.180839858166664,53.22755813598633,499700,0.0,0.0,0.0
2022-09-22 00:00:00-04:00,53.442452497424156,53.47982569671454,52.545517099081614,52.638946533203125,278000,0.0,0.0,0.0
2022-09-23 00:00:00-04:00,51.69529347417587,51.71397650865276,50.49003459647396,50.882442474365234,252900,0.0,0.0,0.0
2022-09-26 00:00:00-04:00,50.57412789883738,50.975880900895035,49.68653397419596,49.99485397338867,383600,0.0,0.0,0.0
2022-09-27 00:00:00-04:00,50.53675301277774,50.69558376619571,49.677187235601714,49.92945098876953,323800,0.0,0.0,0.0
2022-09-28 00:00:00-04:00,50.22842457249506,51.41499682307986,49.864044819186375,51.2281379699707,293600,0.0,0.0,0.0
2022-09-29 00:00:00-04:00,50.66755625477043,50.74230265546496,49.826680631584324,50.48069381713867,164600,0.0,0.0,0.0
2022-09-30 00:00:00-04:00,50.2377754736063,51.00390826524284,49.91076531457316,49.93879699707031,141600,0.0,0.0,0.0
2022-10-03 00:00:00-04:00,50.92916102763802,52.069018678276755,50.73295707390318,51.788726806640625,111500,0.0,0.0,0.0
2022-10-04 00:00:00-04:00,52.60157126419283,53.647995854418674,52.60157126419283,53.610626220703125,140800,0.0,0.0,0.0
2022-10-05 00:00:00-04:00,52.666975835876244,53.087415427093845,52.20916660863172,52.83515167236328,266800,0.0,0.0,0.0
2022-10-06 00:00:00-04:00,52.27457324507803,52.405375894741105,51.33091944832889,51.536468505859375,212100,0.0,0.0,0.0
2022-10-07 00:00:00-04:00,51.228152248294066,51.34026830422941,50.35924479555856,50.490047454833984,175600,0.0,0.0,0.0
2022-10-10 00:00:00-04:00,50.66755216974293,50.78901327902657,49.97616583958375,50.02288055419922,148600,0.0,0.0,0.0
2022-10-11 00:00:00-04:00,49.84536848725169,50.22843491758883,49.17266863647969,49.31281280517578,174600,0.0,0.0,0.0
2022-10-12 00:00:00-04:00,49.17266188663479,49.583756381459956,49.041859254831536,49.27543640136719,144800,0.0,0.0,0.0
2022-10-13 00:00:00-04:00,48.00477794299455,50.854418524108794,47.9767462607746,50.6582145690918,212700,0.0,0.0,0.0
2022-10-14 00:00:00-04:00,50.71426747406604,50.966531212848025,49.37820594872309,49.39689254760742,191300,0.0,0.0,0.0
2022-10-17 00:00:00-04:00,50.59281331509784,51.17208366288195,50.59281331509784,50.70492935180664,173600,0.0,0.0,0.0
2022-10-18 00:00:00-04:00,51.53646628333507,51.72332873084021,50.64887233076423,51.23748779296875,366400,0.0,0.0,0.0
2022-10-19 00:00:00-04:00,50.863755875784086,51.11601961047316,50.47134799789281,50.882442474365234,144100,0.0,0.0,0.0
2022-10-20 00:00:00-04:00,51.172081591901495,51.71397871748343,50.396603756130595,50.54609298706055,105900,0.0,0.0,0.0
2022-10-21 00:00:00-04:00,50.433978728246075,51.92887465421345,50.34054929216884,51.88215637207031,127400,0.0,0.0,0.0
2022-10-24 00:00:00-04:00,51.51777333089682,51.863466499495075,51.2281399588703,51.798065185546875,254100,0.0,0.0,0.0
2022-10-25 00:00:00-04:00,51.788726516720494,52.64828872680664,51.77003991683543,52.64828872680664,112900,0.0,0.0,0.0
2022-10-26 00:00:00-04:00,52.536166143361534,53.778798150050065,52.536166143361534,53.2929573059082,232200,0.0,0.0,0.0
2022-10-27 00:00:00-04:00,53.377055082721256,54.17121602312272,53.377055082721256,53.59194564819336,103400,0.0,0.0,0.0
2022-10-28 00:00:00-04:00,53.44246339624384,53.71341380019888,53.11545318192062,53.62932586669922,244500,0.0,0.0,0.0
2022-10-31 00:00:00-04:00,53.19019171775044,53.750775481983396,53.19019171775044,53.58259963989258,245700,0.0,0.0,0.0
2022-11-01 00:00:00-04:00,54.657057147032205,54.657057147032205,53.59194583442372,53.73208999633789,114800,0.0,0.0,0.0
2022-11-02 00:00:00-04:00,53.80683612776212,54.5075676260934,52.81646766037621,52.9099006652832,131600,0.0,0.0,0.0
2022-11-03 00:00:00-04:00,51.90084090647613,52.872522685066734,51.90084090647613,52.5828857421875,118800,0.0,0.0,0.0
2022-11-04 00:00:00-04:00,54.40478986674278,54.50756438397508,53.51719597549644,54.09646987915039,99000,0.0,0.0,0.0
2022-11-07 00:00:00-05:00,54.16187404015155,54.39545120463162,53.975011595746565,54.35807800292969,87700,0.0,0.0,0.0
2022-11-08 00:00:00-05:00,54.460847659029454,55.245667004116555,54.28332674886057,54.84391403198242,97500,0.0,0.0,0.0
2022-11-09 00:00:00-05:00,54.48887411207373,54.75047936441388,53.61996687925338,53.64799499511719,629100,0.0,0.0,0.0
2022-11-10 00:00:00-05:00,55.441874407229015,56.32946832111889,55.35778648772146,56.24538040161133,464400,0.0,0.0,0.0
2022-11-11 00:00:00-05:00,56.600419207204695,57.058228445595525,56.48829960408053,56.749908447265625,234400,0.0,0.0,0.0
2022-11-14 00:00:00-05:00,56.57238977937149,56.80596694903372,56.123922041312575,56.142608642578125,176900,0.0,0.0,0.0
2022-11-15 00:00:00-05:00,56.84333254556045,56.84333254556045,56.21734396129251,56.506980895996094,363800,0.0,0.0,0.0
2022-11-16 00:00:00-05:00,56.4228978227965,56.535013860898985,56.16129254585584,56.29209518432617,248100,0.0,0.0,0.0
2022-11-17 00:00:00-05:00,55.684795943833045,56.24538329071344,55.619394621312715,56.23603820800781,375100,0.0,0.0,0.0
2022-11-18 00:00:00-05:00,56.133262634277344,56.32012150377774,55.918368518963824,56.133262634277344,341300,0.0,0.0,0.0
2022-11-21 00:00:00-05:00,55.82493850769405,55.99311433979119,55.292382894087915,55.89968490600586,143000,0.0,0.0,0.0
2022-11-22 00:00:00-05:00,56.3574972158192,56.97414077933303,56.30143741400717,56.936767578125,271200,0.0,0.0,0.0
2022-11-23 00:00:00-05:00,56.712541432113,57.22641052811589,56.712541432113,57.18903732299805,144100,0.0,0.0,0.0
2022-11-25 00:00:00-05:00,57.06757900956899,57.609476220302895,57.06757900956899,57.450645446777344,62400,0.0,0.0,0.0
2022-11-28 00:00:00-05:00,56.824651265653394,57.263777467476764,56.38552506383003,56.43224334716797,100100,0.0,0.0,0.0
2022-11-29 00:00:00-05:00,56.329471152885866,56.51633360164147,55.993119457946726,56.18932342529297,151800,0.0,0.0,0.0
2022-11-30 00:00:00-05:00,56.628453502650345,57.291811855019624,55.899693823377326,57.18903732299805,142200,0.0,0.0,0.0
2022-12-01 00:00:00-05:00,57.590787519813915,57.85239281449213,57.282467503101,57.56275939941406,99100,0.0,0.0,0.0
2022-12-02 00:00:00-05:00,56.899395630530805,57.48800748718477,56.899395630530805,57.1796875,77300,0.0,0.0,0.0
2022-12-05 00:00:00-05:00,57.22640769556437,57.36655542576686,55.90903257525924,55.97443389892578,119000,0.0,0.0,0.0
2022-12-06 00:00:00-05:00,55.871655006704806,56.0865455625489,54.974719582980455,55.15223693847656,154000,0.0,0.0,0.0
2022-12-07 00:00:00-05:00,55.02143263727874,55.61004805059133,55.02143263727874,55.08683395385742,511700,0.0,0.0,0.0
2022-12-08 00:00:00-05:00,55.432528997329136,55.684789174036666,55.264353170121225,55.292381286621094,110500,0.0,0.0,0.0
2022-12-09 00:00:00-05:00,55.114867108876155,55.57267633716694,55.00274750822554,55.01209259033203,158200,0.0,0.0,0.0
2022-12-12 00:00:00-05:00,54.937350064583704,55.3764762878418,54.10581590368587,55.3764762878418,94300,0.0,0.0,0.0
2022-12-13 00:00:00-05:00,56.189321109432186,56.51633127230286,55.40450170828904,55.525962829589844,135100,0.0,0.0,0.0
2022-12-14 00:00:00-05:00,55.451213735968494,55.731509165996506,54.909316603730204,55.08683395385742,132800,0.0,0.0,0.0
2022-12-15 00:00:00-05:00,54.3861050483562,54.582309007260484,53.68537356875122,53.93763732910156,216400,0.0,0.0,0.0
2022-12-16 00:00:00-05:00,53.41442367188555,53.74143383700444,53.19019159236282,53.48917007446289,166000,0.0,0.0,0.0
2022-12-19 00:00:00-05:00,53.58259512938589,53.80683075466603,52.797775787061944,52.98463821411133,110600,0.0,0.0,0.0
2022-12-20 00:00:00-05:00,52.887535861694126,53.651154005065585,52.887535861694126,53.406044006347656,163700,0.507,0.0,0.0
2022-12-21 00:00:00-05:00,53.75486007034197,54.45248338321353,53.75486007034197,54.17909240722656,133000,0.0,0.0,0.0
2022-12-22 00:00:00-05:00,53.72657887867266,53.736004665559605,52.82154869851923,53.50032043457031,97900,0.0,0.0,0.0
2022-12-23 00:00:00-05:00,53.490896862815895,54.12252890182111,53.3966210087625,53.9716911315918,125700,0.0,0.0,0.0
2022-12-27 00:00:00-05:00,54.301643436810274,54.622174123327284,53.93397662503462,54.471336364746094,106700,0.0,0.0,0.0
2022-12-28 00:00:00-05:00,54.301643294495065,54.49019139129136,53.41547191468505,53.538028717041016,153400,0.0,0.0,0.0
2022-12-29 00:00:00-05:00,53.94341147563365,54.377069625978905,53.754863359231656,54.339359283447266,156000,0.0,0.0,0.0
2022-12-30 00:00:00-05:00,53.91511975556491,54.31107110701483,53.74542683298005,54.009395599365234,156900,0.0,0.0,0.0
2023-01-03 00:00:00-05:00,53.87741876906994,54.452485294525324,53.481467375327554,53.63230514526367,190400,0.0,0.0,0.0
2023-01-04 00:00:00-05:00,54.367641232053664,54.97099593477618,54.150812152933376,54.782447814941406,403000,0.0,0.0,0.0
2023-01-05 00:00:00-05:00,54.301649771937186,54.443061760466875,53.93398291726751,54.18852233886719,135000,0.0,0.0,0.0
2023-01-06 00:00:00-05:00,54.69760358944986,55.65919580350765,54.49962967379996,55.593204498291016,76400,0.0,0.0,0.0
2023-01-09 00:00:00-05:00,55.93258647642695,56.42280653892726,55.885446750652235,56.01742935180664,129300,0.0,0.0,0.0
2023-01-10 00:00:00-05:00,55.781740918074746,55.970289018242866,55.4612138229216,55.83830642700195,321200,0.0,0.0,0.0
2023-01-11 00:00:00-05:00,56.177695898383,56.23426141094546,55.84773939907564,56.168270111083984,142800,0.0,0.0,0.0
2023-01-12 00:00:00-05:00,56.57364166688313,57.045010132549145,56.073992244079065,56.9695930480957,82200,0.0,0.0,0.0
2023-01-13 00:00:00-05:00,56.535933628649374,57.29954822394498,56.4793681194121,57.28069305419922,69300,0.0,0.0,0.0
2023-01-17 00:00:00-05:00,57.422106027648674,57.64836447227613,57.36554051742782,57.63893508911133,169300,0.0,0.0,0.0
2023-01-18 00:00:00-05:00,57.82748348236656,58.100878055415336,56.847036211178114,56.88474655151367,86200,0.0,0.0,0.0
2023-01-19 00:00:00-05:00,56.884743067381194,57.139282454671914,56.55478660029458,56.894168853759766,148200,0.0,0.0,0.0
2023-01-20 00:00:00-05:00,56.85646042535916,57.78034210205078,56.66791233707899,57.78034210205078,102100,0.0,0.0,0.0
2023-01-23 00:00:00-05:00,57.610657216825444,58.15744279321351,57.54466591616234,58.1291618347168,168200,0.0,0.0,0.0
2023-01-24 00:00:00-05:00,57.799205331401254,58.22343409387662,57.63893817532215,58.1291618347168,187500,0.0,0.0,0.0
2023-01-25 00:00:00-05:00,57.80862316618066,58.12915383798782,57.41267541667187,58.034881591796875,364000,0.0,0.0,0.0
2023-01-26 00:00:00-05:00,58.49682795323536,58.62881055292137,58.06316981247955,58.619384765625,179400,0.0,0.0,0.0
2023-01-27 00:00:00-05:00,58.393119588257775,58.87391739890434,58.36483863336881,58.63823318481445,73000,0.0,0.0,0.0
2023-01-30 00:00:00-05:00,58.402548386699515,58.65708776692188,57.9783160863289,58.034881591796875,89500,0.0,0.0,0.0
2023-01-31 00:00:00-05:00,57.902901924330116,59.02476119995117,57.902901924330116,59.02476119995117,113500,0.0,0.0,0.0
2023-02-01 00:00:00-05:00,58.75136158482565,59.11902838956409,58.09144505506795,58.91162872314453,101500,0.0,0.0,0.0
2023-02-02 00:00:00-05:00,59.26043799729444,59.26043799729444,58.515675034872444,58.779640197753906,123000,0.0,0.0,0.0
2023-02-03 00:00:00-05:00,58.17629754316589,58.892779654116204,58.17629754316589,58.54396438598633,84700,0.0,0.0,0.0
2023-02-06 00:00:00-05:00,58.16686829868615,58.16686829868615,57.66721528893551,57.95946502685547,73200,0.0,0.0,0.0
2023-02-07 00:00:00-05:00,57.74263869752065,58.647665314412976,57.61065609875586,58.35541915893555,1935900,0.0,0.0,0.0
2023-02-08 00:00:00-05:00,58.2517160080073,58.47797085823693,57.91233013640686,58.072593688964844,274000,0.0,0.0,0.0
2023-02-09 00:00:00-05:00,58.70423542597197,58.80793707491381,57.66722253281003,57.86520004272461,2900300,0.0,0.0,0.0
2023-02-10 00:00:00-05:00,58.01603104539513,58.51568046327401,57.97832070541213,58.477970123291016,295800,0.0,0.0,0.0
2023-02-13 00:00:00-05:00,58.393118239425064,58.90219699320129,58.383692453431706,58.779640197753906,421100,0.0,0.0,0.0
2023-02-14 00:00:00-05:00,58.51568025324046,59.10960551894503,58.23285989689503,58.80792999267578,522300,0.0,0.0,0.0
2023-02-15 00:00:00-05:00,57.987746194853834,58.61938179943348,57.987746194853834,58.55339050292969,376000,0.0,0.0,0.0
2023-02-16 00:00:00-05:00,57.8557677457217,58.37427236807011,57.77092127324605,57.96889877319336,116600,0.0,0.0,0.0
2023-02-17 00:00:00-05:00,57.459813112257166,57.79919896184155,57.27126501845964,57.64836120605469,115000,0.0,0.0,0.0
2023-02-21 00:00:00-05:00,57.20528068477453,57.356118458912604,56.6019295882222,56.620784759521484,207300,0.0,0.0,0.0
2023-02-22 00:00:00-05:00,56.48879293592396,56.771616880996696,56.234257139367855,56.41337585449219,288800,0.0,0.0,0.0
2023-02-23 00:00:00-05:00,56.63020612202325,56.781043884375045,55.96086377635318,56.44165802001953,205600,0.0,0.0,0.0
2023-02-24 00:00:00-05:00,55.54605565221453,56.253108317418416,55.43292823273354,56.234256744384766,108400,0.0,0.0,0.0
2023-02-27 00:00:00-05:00,56.67734106630098,56.93188045925851,56.41337588675504,56.49822235107422,119600,0.0,0.0,0.0
2023-02-28 00:00:00-05:00,56.526500186293006,56.526500186293006,56.06456114759105,56.09284210205078,340300,0.0,0.0,0.0
2023-03-01 00:00:00-05:00,56.177695074459976,56.469944824028914,56.00800213551751,56.31910705566406,125000,0.0,0.0,0.0
2023-03-02 00:00:00-05:00,55.960869341118226,56.64906692504883,55.9420141694173,56.64906692504883,67500,0.0,0.0,0.0
2023-03-03 00:00:00-05:00,56.55478763629096,57.412678062687164,56.55478763629096,57.337257385253906,72700,0.0,0.0,0.0
2023-03-06 00:00:00-05:00,57.20527609774659,57.35611385978969,56.96959186978826,57.02615737915039,68400,0.0,0.0,0.0
2023-03-07 00:00:00-05:00,56.865898124029336,56.87532750835928,55.67805103266234,55.84774398803711,98800,0.0,0.0,0.0
2023-03-08 00:00:00-05:00,55.810028130722195,56.22483109385797,55.65919036264955,55.97972106933594,98200,0.0,0.0,0.0
2023-03-09 00:00:00-05:00,55.93258430103464,56.309676918772894,54.94270763836366,55.036983489990234,107100,0.0,0.0,0.0
2023-03-10 00:00:00-05:00,54.96155742486846,55.1689606818745,54.037675746963956,54.16023254394531,176900,0.0,0.0,0.0
2023-03-13 00:00:00-04:00,53.50032265009318,54.480769954711775,53.31177453824251,53.9716911315918,212900,0.0,0.0,0.0
2023-03-14 00:00:00-04:00,54.43363255674432,54.97099232542422,54.06596212889215,54.452484130859375,118400,0.0,0.0,0.0
2023-03-15 00:00:00-04:00,52.906388412093456,53.358901646279456,52.57643196932934,53.3494758605957,177300,0.0,0.0,0.0
2023-03-16 00:00:00-04:00,52.802687065156746,54.06595453247889,52.698989037069666,53.94340133666992,153500,0.0,0.0,0.0
2023-03-17 00:00:00-04:00,53.70772017582254,53.72657534461213,53.085513990788904,53.424896240234375,93800,0.0,0.0,0.0
2023-03-20 00:00:00-04:00,53.556883210038755,54.11309811062333,53.556883210038755,54.02825164794922,104600,0.0,0.0,0.0
2023-03-21 00:00:00-04:00,54.397333915599724,54.6717820151718,54.12288581602765,54.31216049194336,91400,0.22,0.0,0.0
2023-03-22 00:00:00-04:00,54.510899070233485,54.91783837329853,53.77273178100586,53.77273178100586,86100,0.0,0.0,0.0
2023-03-23 00:00:00-04:00,54.21753232776779,54.59607812093334,53.45097141067694,53.7159538269043,971900,0.0,0.0,0.0
2023-03-24 00:00:00-04:00,53.195443493417606,53.763267517089844,52.930461115105714,53.763267517089844,113700,0.0,0.0,0.0
2023-03-27 00:00:00-04:00,53.99039335702591,54.463578230637204,53.924147763529454,54.43518829345703,141300,0.0,0.0,0.0
2023-03-28 00:00:00-04:00,54.33108948277244,54.78534654861891,54.33108948277244,54.71910095214844,92600,0.0,0.0,0.0
2023-03-29 00:00:00-04:00,55.107115313424146,55.409953373214066,55.107115313424146,55.39102554321289,4205500,0.0,0.0,0.0
2023-03-30 00:00:00-04:00,55.88313389522995,55.98723514698705,55.60868579698201,55.85474395751953,182600,0.0,0.0,0.0
2023-03-31 00:00:00-04:00,55.85474769045082,56.365788264077665,55.85474769045082,56.33739471435547,417400,0.0,0.0,0.0
2023-04-03 00:00:00-04:00,56.886292373311974,57.3689394093135,56.75380117166898,57.34054946899414,158300,0.0,0.0,0.0
2023-04-04 00:00:00-04:00,57.40679323732268,57.539284434736395,56.96199826590719,57.236446380615234,129700,0.0,0.0,0.0
2023-04-05 00:00:00-04:00,57.11341824321886,57.1985916729897,56.65916115447921,56.88629150390625,188600,0.0,0.0,0.0
2023-04-06 00:00:00-04:00,56.62130718988186,56.94306945800781,56.55505798219876,56.94306945800781,110300,0.0,0.0,0.0
2023-04-10 00:00:00-04:00,56.365787600409554,56.99985364494746,56.365787600409554,56.961997985839844,87300,0.0,0.0,0.0
2023-04-11 00:00:00-04:00,57.16073206367063,57.66230685592426,57.15126634488436,57.529815673828125,134300,0.0,0.0,0.0
2023-04-12 00:00:00-04:00,57.95569288758744,58.154429695438495,57.70963469776887,57.81373596191406,98700,0.0,0.0,0.0
2023-04-13 00:00:00-04:00,58.09764688953754,58.59922177531068,58.06925694811329,58.4761962890625,77100,0.0,0.0,0.0
2023-04-14 00:00:00-04:00,58.57082349147241,58.760098164275945,58.22066769336005,58.45726013183594,80100,0.0,0.0,0.0
2023-04-17 00:00:00-04:00,58.40994533027953,58.64653778076172,58.2585263063755,58.64653778076172,123400,0.0,0.0,0.0
2023-04-18 00:00:00-04:00,58.85473641839614,58.911519905898395,58.61814396897487,58.69385528564453,99900,0.0,0.0,0.0
2023-04-19 00:00:00-04:00,58.34370084306406,58.56136546843548,58.34370084306406,58.40994644165039,107800,0.0,0.0,0.0
2023-04-20 00:00:00-04:00,58.11657177998105,58.542438930370224,58.06925400996324,58.28691864013672,290000,0.0,0.0,0.0
2023-04-21 00:00:00-04:00,58.11657280180633,58.22067406374452,57.83266256659322,58.21120834350586,152000,0.0,0.0,0.0
2023-04-24 00:00:00-04:00,58.15442759840239,58.239601028712165,58.003008567864406,58.07871627807617,133000,0.0,0.0,0.0
2023-04-25 00:00:00-04:00,57.61499590884838,57.6623136780361,56.98092624936697,57.02824401855469,87700,0.0,0.0,0.0
2023-04-26 00:00:00-04:00,56.99985686722672,57.35001270848103,56.67809096685087,56.78219223022461,88500,0.0,0.0,0.0
2023-04-27 00:00:00-04:00,56.99985633739077,57.53928686975452,56.99985633739077,57.52035903930664,61500,0.0,0.0,0.0
2023-04-28 00:00:00-04:00,57.20805632089273,58.08818054199219,57.20805632089273,58.08818054199219,92800,0.0,0.0,0.0
2023-05-01 00:00:00-04:00,57.984078152207765,58.40047956509082,57.984078152207765,58.00300598144531,85500,0.0,0.0,0.0
2023-05-02 00:00:00-04:00,57.529825831733326,57.529825831733326,56.64023583467687,57.00932312011719,162700,0.0,0.0,0.0
2023-05-03 00:00:00-04:00,56.92414430864452,57.52982039658473,56.8578987121582,56.8578987121582,121800,0.0,0.0,0.0
2023-05-04 00:00:00-04:00,56.95253442068576,57.30269023319698,56.895750933475455,56.97146224975586,105900,0.0,0.0,0.0
2023-05-05 00:00:00-04:00,57.6433848078815,58.59921672463246,57.6433848078815,58.55189895629883,76700,0.0,0.0,0.0
2023-05-08 00:00:00-04:00,58.84527646846879,59.05347898683704,58.59921829037643,58.70331954956055,135200,0.0,0.0,0.0
2023-05-09 00:00:00-04:00,58.277451355305146,58.655997091948265,58.1733501044412,58.570823669433594,307200,0.0,0.0,0.0
2023-05-10 00:00:00-04:00,58.76956751062513,58.90206232498374,58.00301022603752,58.391021728515625,119200,0.0,0.0,0.0
2023-05-11 00:00:00-04:00,57.88943775540693,57.88943775540693,57.463574242162395,57.7569465637207,117000,0.0,0.0,0.0
2023-05-12 00:00:00-04:00,57.92728922011651,58.031390466081746,57.255367590849595,57.529815673828125,71200,0.0,0.0,0.0
2023-05-15 00:00:00-04:00,57.78533956413616,58.27745227867213,57.690700420890295,58.22066879272461,60100,0.0,0.0,0.0
2023-05-16 00:00:00-04:00,58.088179186766034,58.14495906414816,57.24591064453125,57.24591064453125,87100,0.0,0.0,0.0
2023-05-17 00:00:00-04:00,57.577142961783956,57.586605072021484,57.04717453561852,57.586605072021484,104200,0.0,0.0,0.0
2023-05-18 00:00:00-04:00,57.23644579412122,57.38786481963023,56.933607743103195,57.37840270996094,116700,0.0,0.0,0.0
2023-05-19 00:00:00-04:00,57.60552821417307,57.67177381078779,57.245910292582955,57.45410919189453,73700,0.0,0.0,0.0
2023-05-22 00:00:00-04:00,57.51089623164101,57.70017092370974,57.37840503022724,57.50143051147461,211500,0.0,0.0,0.0
2023-05-23 00:00:00-04:00,57.37839443565314,57.46356785085159,56.80110835598741,56.829498291015625,129500,0.0,0.0,0.0
2023-05-24 00:00:00-04:00,56.34686122072652,56.3847168808082,55.807430699963106,55.87367630004883,156300,0.0,0.0,0.0
2023-05-25 00:00:00-04:00,55.53297872544215,55.55190655416936,55.09764949505887,55.230140686035156,134800,0.0,0.0,0.0
2023-05-26 00:00:00-04:00,55.46673724291081,55.86421084531304,55.46673724291081,55.826358795166016,153300,0.0,0.0,0.0
2023-05-30 00:00:00-04:00,55.77903870559452,55.958851290940494,55.21121822898982,55.38156509399414,84300,0.0,0.0,0.0
2023-05-31 00:00:00-04:00,54.87998318942142,55.05979214162005,54.728564174382015,54.9178352355957,87500,0.0,0.0,0.0
2023-06-01 00:00:00-04:00,55.00301878235086,55.911536649944736,54.96516672920862,55.68440628051758,158200,0.0,0.0,0.0
2023-06-02 00:00:00-04:00,56.23328885156803,56.914676227282236,56.23328885156803,56.84843063354492,94200,0.0,0.0,0.0
2023-06-05 00:00:00-04:00,56.77272909053317,56.9620001731103,56.48881524643849,56.536136627197266,76800,0.0,0.0,0.0
2023-06-06 00:00:00-04:00,56.33739680984042,57.04717420735105,56.33739680984042,57.03771209716797,172400,0.0,0.0,0.0
2023-06-07 00:00:00-04:00,57.00931523020983,57.46357227621335,56.84843049572774,57.05663299560547,163800,0.0,0.0,0.0
2023-06-08 00:00:00-04:00,56.94307466626331,57.08503159410287,56.706482193273786,56.98093032836914,118100,0.0,0.0,0.0
2023-06-09 00:00:00-04:00,56.914676666259766,57.236442528371654,56.8105754152656,56.914676666259766,193900,0.0,0.0,0.0
2023-06-12 00:00:00-04:00,56.74433709902302,57.00932312011719,56.57399023193198,57.00932312011719,176000,0.0,0.0,0.0
2023-06-13 00:00:00-04:00,57.35946940806878,57.69069736660787,57.3216137527746,57.38785934448242,375100,0.0,0.0,0.0
2023-06-14 00:00:00-04:00,57.60553230566864,57.861052600808705,57.141813096429445,57.406795501708984,305900,0.0,0.0,0.0
2023-06-15 00:00:00-04:00,57.4257198251003,58.14495928555544,57.39732988630113,58.00300598144531,383500,0.0,0.0,0.0
2023-06-16 00:00:00-04:00,58.34370342056707,58.34370342056707,57.76641722728487,57.842124938964844,365900,0.0,0.0,0.0
2023-06-20 00:00:00-04:00,57.62671493453484,57.62671493453484,56.99764408373124,57.1596794128418,716700,0.434,0.0,0.0
2023-06-21 00:00:00-04:00,56.95951348158992,57.51233515232619,56.902327540432495,57.35029983520508,672800,0.0,0.0,0.0
2023-06-22 00:00:00-04:00,56.95951346779766,57.08342240016237,56.87373092015012,56.97857666015625,386200,0.0,0.0,0.0
2023-06-23 00:00:00-04:00,56.378107161322504,56.61639163176608,56.31138780047291,56.406700134277344,367000,0.0,0.0,0.0
2023-06-26 00:00:00-04:00,56.349507054778606,57.30264487739091,56.349507054778606,57.08342361450195,381600,0.0,0.0,0.0
2023-06-27 00:00:00-04:00,57.01670047814007,57.54092551863936,56.97857409513925,57.455142974853516,220100,0.0,0.0,0.0
2023-06-28 00:00:00-04:00,57.09295685142827,57.417023855546674,57.02623749492732,57.3979606628418,262200,0.0,0.0,0.0
2023-06-29 00:00:00-04:00,57.216863597227416,57.75062209866691,57.20733381860007,57.683902740478516,459200,0.0,0.0,0.0
2023-06-30 00:00:00-04:00,57.950778667295424,58.51313012593574,57.950778667295424,58.38922119140625,249000,0.0,0.0,0.0
2023-07-03 00:00:00-04:00,58.25577815231523,58.83719276047025,58.25577815231523,58.64656448364258,194700,0.0,0.0,0.0
2023-07-05 00:00:00-04:00,58.23671544927367,58.35109459788836,58.017494201660156,58.017494201660156,171400,0.0,0.0,0.0
2023-07-06 00:00:00-04:00,57.45514647239476,57.474209665055625,56.74029310930717,56.778419494628906,184800,0.0,0.0,0.0
2023-07-07 00:00:00-04:00,56.76888894348403,57.55999143051379,56.76888894348403,57.22639465332031,119900,0.0,0.0,0.0
2023-07-10 00:00:00-04:00,57.102488378555,57.331243062086784,57.08342518526632,57.245460510253906,129000,0.0,0.0,0.0
2023-07-11 00:00:00-04:00,57.21685974678869,57.55998992919922,57.19779655488454,57.55998992919922,156500,0.0,0.0,0.0
2023-07-12 00:00:00-04:00,58.00796751554454,58.351097707812364,57.9126515532856,58.21765899658203,132300,0.0,0.0,0.0
2023-07-13 00:00:00-04:00,58.46547636592141,59.34236145019531,58.46547636592141,59.34236145019531,149800,0.0,0.0,0.0
2023-07-14 00:00:00-04:00,59.50439690791662,59.50439690791662,58.770480319192075,58.84673309326172,186100,0.0,0.0,0.0
2023-07-17 00:00:00-04:00,58.74188287586737,59.008760292933516,58.65610032953437,58.856258392333984,188600,0.0,0.0,0.0
2023-07-18 00:00:00-04:00,58.66563396289955,59.39955054399398,58.656104184206114,59.35189437866211,113200,0.0,0.0,0.0
2023-07-19 00:00:00-04:00,59.399548550375364,59.771271717793205,59.399548550375364,59.69502258300781,138300,0.0,0.0,0.0
2023-07-20 00:00:00-04:00,59.79986680733936,59.86658616205814,59.409080457158424,59.65689468383789,158400,0.0,0.0,0.0
2023-07-21 00:00:00-04:00,59.704550846361,59.8284597776668,59.53298575253209,59.65689468383789,95100,0.0,0.0,0.0
2023-07-24 00:00:00-04:00,59.847521178879525,60.27643390061626,59.83798776510092,60.05720901489258,117200,0.0,0.0,0.0
2023-07-25 00:00:00-04:00,60.02861634315629,60.123932301755,59.86658466743654,59.9904899597168,97700,0.0,0.0,0.0
2023-07-26 00:00:00-04:00,59.48532791882532,60.01908637751229,59.48532791882532,59.93330383300781,286900,0.0,0.0,0.0
2023-07-27 00:00:00-04:00,60.06673801769207,60.133457365514715,59.19938286006593,59.32329177856445,364600,0.0,0.0,0.0
2023-07-28 00:00:00-04:00,59.65689885935157,59.93330971163719,59.49486353231323,59.714088439941406,373100,0.0,0.0,0.0
2023-07-31 00:00:00-04:00,59.85705367543384,60.438468320647935,59.85705367543384,60.2001838684082,209300,0.0,0.0,0.0
2023-08-01 00:00:00-04:00,59.390020159322425,59.66642736979997,59.247048028853236,59.48533248901367,312600,0.0,0.0,0.0
2023-08-02 00:00:00-04:00,58.770481067958386,58.9325163969546,58.046097884729726,58.27484893798828,203400,0.0,0.0,0.0
2023-08-03 00:00:00-04:00,57.845935031632884,58.122345881827336,57.76015247936331,57.92218780517578,151100,0.0,0.0,0.0
2023-08-04 00:00:00-04:00,57.864999307137815,58.722824845875564,57.864999307137815,58.15093994140625,179600,0.0,0.0,0.0
2023-08-07 00:00:00-04:00,58.169995279192136,58.436876319608054,58.15093208802443,58.34156036376953,148800,0.0,0.0,0.0
2023-08-08 00:00:00-04:00,57.6267137615956,57.969843970673914,57.32170993928875,57.92218780517578,191900,0.0,0.0,0.0
2023-08-09 00:00:00-04:00,57.85546440341079,58.21765778056511,57.79827482724997,58.11281204223633,97600,0.0,0.0,0.0
2023-08-10 00:00:00-04:00,58.45594162709228,58.82766477849038,58.055621869941355,58.24625015258789,123900,0.0,0.0,0.0
2023-08-11 00:00:00-04:00,57.92218106587587,58.513125448346926,57.92218106587587,58.34156036376953,206900,0.0,0.0,0.0
2023-08-14 00:00:00-04:00,58.06515484537846,58.2367199456147,57.76968444514113,58.00796890258789,93800,0.0,0.0,0.0
2023-08-15 00:00:00-04:00,57.56952863764783,57.645777776344794,56.67357671541468,56.73076629638672,116700,0.0,0.0,0.0
2023-08-16 00:00:00-04:00,56.61638489776428,56.826072734380084,56.43528639477039,56.5782585144043,141200,0.0,0.0,0.0
2023-08-17 00:00:00-04:00,56.79748414310832,57.07389498987748,56.24466244957,56.32091522216797,115800,0.0,0.0,0.0
2023-08-18 00:00:00-04:00,55.93012355824776,56.416222211783975,55.863404206506154,56.28278350830078,118700,0.0,0.0,0.0
2023-08-21 00:00:00-04:00,56.51154296962172,56.56872891258323,55.95872128144525,56.206539154052734,88600,0.0,0.0,0.0
2023-08-22 00:00:00-04:00,56.359041245032934,56.36857102358007,55.8348161625655,55.89200210571289,197200,0.0,0.0,0.0
2023-08-23 00:00:00-04:00,55.76809113776178,56.63544639125101,55.76809113776178,56.48294448852539,140000,0.0,0.0,0.0
2023-08-24 00:00:00-04:00,56.130282802157986,56.49247617351977,55.98731431794058,56.015907287597656,170500,0.0,0.0,0.0
2023-08-25 00:00:00-04:00,56.13028431989219,56.26372302980937,55.48215032663833,56.05403518676758,82600,0.0,0.0,0.0
2023-08-28 00:00:00-04:00,56.16840946501926,56.702167928842314,56.16840946501926,56.5687255859375,113600,0.0,0.0,0.0
2023-08-29 00:00:00-04:00,56.35903970361595,57.55046196569854,56.35903970361595,57.53139877319336,404900,0.0,0.0,0.0
2023-08-30 00:00:00-04:00,57.79827535861614,58.01749661534986,57.69342961932346,57.855464935302734,208400,0.0,0.0,0.0
2023-08-31 00:00:00-04:00,58.055621846216624,58.198593967126115,57.65530572516136,57.87452697753906,218100,0.0,0.0,0.0
2023-09-01 00:00:00-04:00,58.150936853142575,58.35109855883954,58.06515430382452,58.265316009521484,163000,0.0,0.0,0.0
2023-09-05 00:00:00-04:00,58.20812666633163,58.20812666633163,57.68390158990807,57.702964782714844,112400,0.0,0.0,0.0
2023-09-06 00:00:00-04:00,57.38842748863966,57.72202790847242,56.89279538403586,57.207332611083984,357200,0.0,0.0,0.0
2023-09-07 00:00:00-04:00,56.902334073803594,57.1406185518045,56.702175984906646,56.74983215332031,200000,0.0,0.0,0.0
2023-09-08 00:00:00-04:00,56.75935696645122,57.092957388023564,56.70217102373136,56.768890380859375,165300,0.0,0.0,0.0
2023-09-11 00:00:00-04:00,57.16920067556656,57.48373787207962,56.997635593092504,57.35982894897461,109500,0.0,0.0,0.0
2023-09-12 00:00:00-04:00,57.19779655488454,57.702962050514294,57.19779655488454,57.55998992919922,94000,0.0,0.0,0.0
2023-09-13 00:00:00-04:00,57.493276132024185,57.96031528898334,57.493276132024185,57.77921676635742,458900,0.0,0.0,0.0
2023-09-14 00:00:00-04:00,58.227189393479634,58.8562602073435,58.227189393479634,58.827667236328125,158200,0.0,0.0,0.0
2023-09-15 00:00:00-04:00,58.617975753062765,58.98016914163051,58.617975753062765,58.827667236328125,232400,0.0,0.0,0.0
2023-09-18 00:00:00-04:00,59.037354166171504,59.037354166171504,58.53219229444528,58.65610122680664,171600,0.0,0.0,0.0
2023-09-19 00:00:00-04:00,58.78753102186441,58.97939706771805,58.0584444390691,58.163970947265625,165100,0.397,0.0,0.0
2023-09-20 00:00:00-04:00,58.19274340589028,58.69159360842417,57.981690411865166,58.000877380371094,170900,0.0,0.0,0.0
2023-09-21 00:00:00-04:00,57.54040065455232,57.59796155960964,56.68660069033897,56.705787658691406,169000,0.0,0.0,0.0
2023-09-22 00:00:00-04:00,57.319758895510546,57.319758895510546,56.60026401397694,56.68660354614258,119200,0.0,0.0,0.0
2023-09-25 00:00:00-04:00,56.523517920219476,56.96481090940168,56.341247195247476,56.87847137451172,112700,0.0,0.0,0.0
2023-09-26 00:00:00-04:00,56.33165149566844,56.629040359295615,55.93832778930664,55.93832778930664,173600,0.0,0.0,0.0
2023-09-27 00:00:00-04:00,56.09182093859206,56.21653074719469,55.28598654208675,55.72727584838867,443200,0.0,0.0,0.0
2023-09-28 00:00:00-04:00,55.660122414544304,56.44676982980984,55.61215682279202,56.293277740478516,2190400,0.0,0.0,0.0
2023-09-29 00:00:00-04:00,56.772948675154524,56.772948675154524,55.746469502403095,55.78484344482422,197600,0.0,0.0,0.0
2023-10-02 00:00:00-04:00,55.52581912478822,55.52581912478822,54.35543961783103,54.49934005737305,317300,0.0,0.0,0.0
2023-10-03 00:00:00-04:00,54.16357310638608,54.2307256683683,53.587978672384125,53.86618423461914,167700,0.0,0.0,0.0
2023-10-04 00:00:00-04:00,53.8565928647087,53.87577983518602,53.06035371737234,53.71269607543945,203800,0.0,0.0,0.0
2023-10-05 00:00:00-04:00,53.66471928400273,54.240317338876885,53.66471928400273,54.22113037109375,173800,0.0,0.0,0.0
2023-10-06 00:00:00-04:00,54.029264569489875,54.835098921913605,53.4248878902871,54.652828216552734,290300,0.0,0.0,0.0
2023-10-09 00:00:00-04:00,54.672020404058955,55.343546045574,54.54730693083176,55.22842788696289,195500,0.0,0.0,0.0
2023-10-10 00:00:00-04:00,55.401105648404,55.94792146333932,55.35314005507532,55.746463775634766,219600,0.0,0.0,0.0
2023-10-11 00:00:00-04:00,55.89995510198332,56.17816066282355,55.70808907176453,56.158973693847656,466600,0.0,0.0,0.0
2023-10-12 00:00:00-04:00,56.3028671960857,56.3028671960857,55.094117497252164,55.391510009765625,132300,0.0,0.0,0.0
2023-10-13 00:00:00-04:00,55.8232063052753,55.94791977179138,55.22842491499413,55.40110397338867,170300,0.0,0.0,0.0
2023-10-16 00:00:00-04:00,55.57378730621707,56.10141617654272,55.362734294270666,56.034263610839844,136600,0.0,0.0,0.0
2023-10-17 00:00:00-04:00,55.52581456075203,56.39880146201787,55.39150944664035,56.08222198486328,142200,0.0,0.0,0.0
2023-10-18 00:00:00-04:00,55.77524233306859,55.93832974163942,55.05574745537774,55.16127395629883,224500,0.0,0.0,0.0
2023-10-19 00:00:00-04:00,54.988593212183886,55.381916920251484,54.73916993907227,54.815914154052734,167900,0.0,0.0,0.0
2023-10-20 00:00:00-04:00,54.82550993595484,54.854288559375576,54.16357232095721,54.20194625854492,154700,0.0,0.0,0.0
2023-10-23 00:00:00-04:00,54.0100818519171,54.57608463994092,53.67431903679289,54.03886413574219,117000,0.0,0.0,0.0
2023-10-24 00:00:00-04:00,54.09641818237544,54.16357074142556,53.50163680527152,53.703094482421875,204700,0.0,0.0,0.0
2023-10-25 00:00:00-04:00,53.37692643901524,53.90455528768768,53.2809952518167,53.45367431640625,133900,0.0,0.0,0.0
2023-10-26 00:00:00-04:00,53.22343170615228,53.444076353406516,52.887668908056725,53.08912658691406,200600,0.0,0.0,0.0
2023-10-27 00:00:00-04:00,53.20424714169508,53.20424714169508,52.37922576105168,52.51353454589844,139900,0.0,0.0,0.0
2023-10-30 00:00:00-04:00,52.9932001538777,53.357741607469876,52.71499457649918,53.03157043457031,540900,0.0,0.0,0.0
2023-10-31 00:00:00-04:00,52.93564359442568,53.06994873673956,52.72459056533777,52.926048278808594,193800,0.0,0.0,0.0
2023-11-01 00:00:00-04:00,53.06035059362787,53.54001384870103,52.93563712263758,53.45367431640625,128000,0.0,0.0,0.0
2023-11-02 00:00:00-04:00,54.35543732020111,55.602560991868074,54.35543732020111,55.5833740234375,114800,0.0,0.0,0.0
2023-11-03 00:00:00-04:00,56.09182278369314,56.57148604359258,55.97670096644829,56.42758560180664,177600,0.0,0.0,0.0
2023-11-06 00:00:00-05:00,56.48514826016521,56.56189248116549,55.95751938983956,56.034263610839844,176900,0.0,0.0,0.0
2023-11-07 00:00:00-05:00,55.54500727308534,55.612159837086345,55.23802307778352,55.381919860839844,125600,0.0,0.0,0.0
2023-11-08 00:00:00-05:00,55.29557908127469,55.49703676873848,54.95022095445665,55.16127395629883,152100,0.0,0.0,0.0
2023-11-09 00:00:00-05:00,55.47785484898527,56.04385398712383,55.257206527236654,55.30517578125,192600,0.0,0.0,0.0
2023-11-10 00:00:00-05:00,55.20924176211625,55.49703899281822,54.82551334102708,55.47785568237305,124500,0.0,0.0,0.0
2023-11-13 00:00:00-05:00,55.24760787068704,55.909541773425836,55.20923393615556,55.70808410644531,123400,0.0,0.0,0.0
2023-11-14 00:00:00-05:00,56.37962289006057,57.10870947218361,56.37962289006057,56.99359130859375,117700,0.0,0.0,0.0
2023-11-15 00:00:00-05:00,57.00317535585346,57.41568601816135,57.00317535585346,57.07033157348633,209300,0.0,0.0,0.0
2023-11-16 00:00:00-05:00,56.7921337260426,56.97440445706894,56.523519797717974,56.76335144042969,112800,0.0,0.0,0.0
2023-11-17 00:00:00-05:00,57.099110930575726,57.46365600744356,57.099110930575726,57.39650344848633,142200,0.0,0.0,0.0
2023-11-20 00:00:00-05:00,57.17585637402906,57.57877539598143,57.09911215908676,57.540401458740234,223900,0.0,0.0,0.0
2023-11-21 00:00:00-05:00,57.42528012662296,57.71307732091493,57.2526010781398,57.28137969970703,117100,0.0,0.0,0.0
2023-11-22 00:00:00-05:00,56.945622612935566,57.34853799334264,56.83050445561072,57.319759368896484,129800,0.0,0.0,0.0
2023-11-24 00:00:00-05:00,57.33894420653497,57.79942047825426,57.329348892382846,57.66511535644531,64100,0.0,0.0,0.0
2023-11-27 00:00:00-05:00,57.358129903217886,57.4636563993103,57.23341643878684,57.36772155761719,150700,0.0,0.0,0.0
2023-11-28 00:00:00-05:00,57.281385324410465,57.693896018566434,57.02236672625158,57.54999923706055,213900,0.0,0.0,0.0
2023-11-29 00:00:00-05:00,57.597967013086354,57.92413818688021,57.43487959641924,57.71308517456055,181600,0.0,0.0,0.0
2023-11-30 00:00:00-05:00,57.95291019685822,58.288672987638066,57.76104417660976,58.24070739746094,311300,0.0,0.0,0.0
2023-12-01 00:00:00-05:00,58.16396641888233,59.171258506765184,58.16396641888233,59.08491897583008,209400,0.0,0.0,0.0
2023-12-04 00:00:00-05:00,58.35583404310973,59.08492058904818,58.35583404310973,58.845088958740234,220200,0.0,0.0,0.0
2023-12-05 00:00:00-05:00,58.61484773984793,58.86427467941879,58.54769517754967,58.62444305419922,193500,0.0,0.0,0.0
2023-12-06 00:00:00-05:00,58.845088902321066,59.065733562848,58.240712169853225,58.2598991394043,277400,0.0,0.0,0.0
2023-12-07 00:00:00-05:00,58.39420234565064,58.39420234565064,58.02006560056386,58.22152328491211,248000,0.0,0.0,0.0
2023-12-08 00:00:00-05:00,58.144780313678524,58.66281750698553,58.144780313678524,58.442169189453125,230100,0.0,0.0,0.0
2023-12-11 00:00:00-05:00,58.384611020041426,58.61484732929709,58.2119319583296,58.57647705078125,139400,0.0,0.0,0.0
2023-12-12 00:00:00-05:00,58.40379959736854,58.41339125237659,58.02966283987015,58.336647033691406,1080100,0.0,0.0,0.0
2023-12-13 00:00:00-05:00,58.38461581243413,59.756453104449385,58.116005543074095,59.689300537109375,321200,0.0,0.0,0.0
2023-12-14 00:00:00-05:00,60.31285737753033,60.62943688618101,60.31285737753033,60.60065460205078,631800,0.0,0.0,0.0
2023-12-15 00:00:00-05:00,60.571875507781634,60.66781035490474,59.957907124354676,59.967498779296875,212500,0.0,0.0,0.0
2023-12-18 00:00:00-05:00,60.245697021484375,60.466341653729415,60.12098356515812,60.245697021484375,252800,0.0,0.0,0.0
2023-12-19 00:00:00-05:00,60.53512704832314,61.222365362259175,60.51576775452678,61.15460968017578,648400,0.559,0.0,0.0
2023-12-20 00:00:00-05:00,61.22236077105248,61.3965907097461,60.293136892958174,60.312496185302734,448800,0.0,0.0,0.0
2023-12-21 00:00:00-05:00,60.786786777443005,61.21268383018583,60.786786777443005,61.164283752441406,202600,0.0,0.0,0.0
2023-12-22 00:00:00-05:00,61.551461328971534,61.92895829850553,61.44498706732708,61.6288948059082,258800,0.0,0.0,0.0
2023-12-26 00:00:00-05:00,61.948312331166456,62.345172251748856,61.86119736925447,62.31612777709961,283800,0.0,0.0,0.0
2023-12-27 00:00:00-05:00,62.33549537871678,62.538762407436025,62.151583949716816,62.364532470703125,244100,0.0,0.0,0.0
2023-12-28 00:00:00-05:00,62.3742138708839,62.49036223865779,62.01607250567978,62.093509674072266,258200,0.0,0.0,0.0
2023-12-29 00:00:00-05:00,61.93863483986697,62.25805390686038,61.89023476669197,62.06446838378906,381100,0.0,0.0,0.0
2024-01-02 00:00:00-05:00,61.51274384208812,61.73537016931442,61.29979900740636,61.43531036376953,166700,0.0,0.0,0.0
2024-01-03 00:00:00-05:00,60.99005127834473,61.47402249642919,60.87389921987852,61.25139617919922,164700,0.0,0.0,0.0
2024-01-04 00:00:00-05:00,61.27075031558046,61.667606533321226,61.13523897670415,61.41594314575195,163100,0.0,0.0,0.0
2024-01-05 00:00:00-05:00,61.34819362104534,62.132228336168886,61.34819362104534,61.58049774169922,165800,0.0,0.0,0.0
2024-01-08 00:00:00-05:00,61.280437075420856,62.064471779421126,61.232036999597824,62.045108795166016,138200,0.0,0.0,0.0
2024-01-09 00:00:00-05:00,61.793442047829444,61.80311984702682,61.18363731099359,61.551456451416016,172200,0.0,0.0,0.0
2024-01-10 00:00:00-05:00,61.590176311065576,61.81280262129675,61.590176311065576,61.638572692871094,419200,0.0,0.0,0.0
2024-01-11 00:00:00-05:00,61.66760937936624,61.85152079839218,60.757744853200236,61.34819030761719,194500,0.0,0.0,0.0
2024-01-12 00:00:00-05:00,61.977355789222244,62.15158573094848,61.33851390036188,61.43531036376953,154700,0.0,0.0,0.0
2024-01-16 00:00:00-05:00,60.980376222621686,61.16428396450256,60.64159783168124,60.912620544433594,196900,0.0,0.0,0.0
2024-01-17 00:00:00-05:00,60.15762651378334,60.24474148454181,59.73172946011636,60.1189079284668,231200,0.0,0.0,0.0
2024-01-18 00:00:00-05:00,60.13826321018669,60.46736377861284,60.02210746198409,60.370567321777344,424000,0.0,0.0,0.0
2024-01-19 00:00:00-05:00,60.51575982395174,61.144920174047385,60.16729996609827,61.12556457519531,190300,0.0,0.0,0.0
2024-01-22 00:00:00-05:00,61.193321987326954,61.35787042909635,60.77710644444187,60.99005126953125,168600,0.0,0.0,0.0
2024-01-23 00:00:00-05:00,61.04812624198191,61.33850822050083,60.9803705700744,61.309471130371094,193800,0.0,0.0,0.0
2024-01-24 00:00:00-05:00,61.783768753350884,61.83216513768077,61.06748971108333,61.07716751098633,178200,0.0,0.0,0.0
2024-01-25 00:00:00-05:00,61.41595280716911,61.56114196777344,61.154607887192164,61.56114196777344,129000,0.0,0.0,0.0
2024-01-26 00:00:00-05:00,61.6772928482121,61.84184128902872,61.493381423290764,61.74504852294922,188000,0.0,0.0,0.0
2024-01-29 00:00:00-05:00,61.66761776426597,62.21934471154724,61.377235743445475,62.1903076171875,120200,0.0,0.0,0.0
2024-01-30 00:00:00-05:00,61.958001823583956,62.403254489783635,61.78377187726102,62.33549880981445,196400,0.0,0.0,0.0
2024-01-31 00:00:00-05:00,62.46132066234528,62.50972073531944,61.522419063642424,61.53209686279297,202700,0.0,0.0,0.0
2024-02-01 00:00:00-05:00,61.619215070177276,62.083826994423916,61.51274081187771,62.01607131958008,242900,0.0,0.0,0.0
2024-02-02 00:00:00-05:00,61.754728656687426,61.754728656687426,61.19332394587415,61.64825439453125,230400,0.0,0.0,0.0
2024-02-05 00:00:00-05:00,61.27075467746964,61.27075467746964,60.5447978597451,60.670631408691406,164800,0.0,0.0,0.0
2024-02-06 00:00:00-05:00,60.767424198318466,61.29979548545456,60.719027815599,61.193321228027344,147400,0.0,0.0,0.0
2024-02-07 00:00:00-05:00,61.21267875299933,61.40626427829032,61.06748591662387,61.33850860595703,700200,0.0,0.0,0.0
2024-02-08 00:00:00-05:00,61.125563405537456,61.3772268022786,60.815822136129654,61.309471130371094,250400,0.0,0.0,0.0
2024-02-09 00:00:00-05:00,61.36754902424629,61.61921242107441,61.17395980769771,61.57081604003906,161800,0.0,0.0,0.0
2024-02-12 00:00:00-05:00,61.512743925729396,62.04511155176899,61.512743925729396,61.70633316040039,221400,0.0,0.0,0.0
2024-02-13 00:00:00-05:00,60.6319161751512,60.6319161751512,59.402628786137335,59.84788513183594,205200,0.0,0.0,0.0
2024-02-14 00:00:00-05:00,60.30281516200664,60.9416570447168,60.30281516200664,60.8739013671875,274100,0.0,0.0,0.0
2024-02-15 00:00:00-05:00,61.23203199951225,62.25805222921544,61.22235420058234,62.21933364868164,322900,0.0,0.0,0.0
2024-02-16 00:00:00-05:00,62.04511476057339,62.490367438658666,61.987040571853925,62.1903076171875,235900,0.0,0.0,0.0
2024-02-20 00:00:00-05:00,62.19998959639284,62.229026690979516,61.86120749244794,61.96767807006836,322000,0.0,0.0,0.0
2024-02-21 00:00:00-05:00,61.812805942628955,61.92895800368474,61.60953891267948,61.870880126953125,308600,0.0,0.0,0.0
2024-02-22 00:00:00-05:00,62.093508124625025,62.606516428997956,62.093508124625025,62.50972366333008,1212300,0.0,0.0,0.0
2024-02-23 00:00:00-05:00,62.49036056898923,62.86785752379778,62.461323477821594,62.77106475830078,212100,0.0,0.0,0.0
2024-02-26 00:00:00-05:00,62.596831082590406,62.81946107625128,62.35484549091364,62.51939392089844,307800,0.0,0.0,0.0
2024-02-27 00:00:00-05:00,62.50972854666089,62.54844713291571,62.16126865518273,62.3258171081543,222100,0.0,0.0,0.0
2024-02-28 00:00:00-05:00,61.73536674549912,62.23870094248915,61.73536674549912,61.98703384399414,203700,0.0,0.0,0.0
2024-02-29 00:00:00-05:00,62.31613582421454,62.49036577053748,62.11286878430698,62.33549880981445,532400,0.0,0.0,0.0
2024-03-01 00:00:00-05:00,62.412929152638675,63.129204460331955,62.412929152638675,62.916255950927734,125200,0.0,0.0,0.0
2024-03-04 00:00:00-05:00,62.70330849016204,62.954975585922625,62.625871324571925,62.73234558105469,384800,0.0,0.0,0.0
2024-03-05 00:00:00-05:00,62.66458990736698,63.090486933298045,62.57747863468903,62.73234558105469,339400,0.0,0.0,0.0
2024-03-06 00:00:00-05:00,63.34215388270159,63.48733933682938,63.042086712936865,63.235679626464844,264300,0.0,0.0,0.0
2024-03-07 00:00:00-05:00,63.613173093498666,64.0971442735955,63.57445451291322,64.04874420166016,279500,0.0,0.0,0.0
2024-03-08 00:00:00-05:00,64.18426271568663,64.4262483327837,63.60349871161665,63.74869155883789,224800,0.0,0.0,0.0
2024-03-11 00:00:00-04:00,63.429267129351544,63.92291984319415,63.37119294589293,63.893882751464844,156500,0.0,0.0,0.0
2024-03-12 00:00:00-04:00,63.97130805561995,64.12618238041935,63.61317410294628,64.10682678222656,206600,0.0,0.0,0.0
2024-03-13 00:00:00-04:00,64.20361994175747,64.74566531229493,64.20361994175747,64.66822814941406,167500,0.0,0.0,0.0
2024-03-14 00:00:00-04:00,64.44561119464092,64.57144105675783,63.71965434473533,64.0100326538086,116200,0.0,0.0,0.0
2024-03-15 00:00:00-04:00,63.922916797593615,64.22297657758654,63.787405452770074,63.95195388793945,309300,0.0,0.0,0.0
2024-03-18 00:00:00-04:00,63.990683332061536,64.17459478188903,63.80677188223405,63.913246154785156,247300,0.0,0.0,0.0
2024-03-19 00:00:00-04:00,63.72672489014707,64.16387913687582,63.66844062186172,63.891868591308594,242700,0.238,0.0,0.0
2024-03-20 00:00:00-04:00,63.84329790745692,64.86330961327363,63.71700544993019,64.83416748046875,272700,0.0,0.0,0.0
2024-03-21 00:00:00-04:00,64.95074243183538,65.15474476988491,64.69816493216635,64.71759796142578,169900,0.0,0.0,0.0
2024-03-22 00:00:00-04:00,64.65929725130741,64.66901376457959,63.98900606608838,64.0570068359375,272400,0.0,0.0,0.0
2024-03-25 00:00:00-04:00,64.01814819437685,64.43586932674374,64.01814819437685,64.0570068359375,365400,0.0,0.0,0.0
2024-03-26 00:00:00-04:00,64.24158590433106,64.34844533201785,63.930724136022924,63.950157165527344,321500,0.0,0.0,0.0
2024-03-27 00:00:00-04:00,63.97929728058446,64.54273653397703,63.97929728058446,64.53302001953125,210300,0.0,0.0,0.0
2024-03-28 00:00:00-04:00,64.63015755489992,65.00902005996188,64.63015755489992,64.90216064453125,217500,0.0,0.0,0.0
2024-04-01 00:00:00-04:00,64.78560423199812,64.97989007188559,64.5038845760905,64.75646209716797,277900,0.0,0.0,0.0
2024-04-02 00:00:00-04:00,64.49416780074198,64.5816016164098,64.18330601125689,64.41645050048828,301600,0.0,0.0,0.0
2024-04-03 00:00:00-04:00,64.11529247004589,64.92159262381475,64.11529247004589,64.64958953857422,412700,0.0,0.0,0.0
2024-04-04 00:00:00-04:00,65.33932796315969,65.33932796315969,64.22216583899942,64.39702606201172,224500,0.0,0.0,0.0
2024-04-05 00:00:00-04:00,64.20273189753972,65.03817434991683,64.07644684274959,64.824462890625,169900,0.0,0.0,0.0
2024-04-08 00:00:00-04:00,64.99930999729946,65.16445366905967,64.63015659980228,64.92159271240234,217900,0.0,0.0,0.0
2024-04-09 00:00:00-04:00,65.08673980139704,65.3490263872853,64.51359147112743,65.20331573486328,437600,0.0,0.0,0.0
2024-04-10 00:00:00-04:00,64.33873079940352,64.55244222521331,63.921009638659086,64.25129699707031,390500,0.0,0.0,0.0
2024-04-11 00:00:00-04:00,64.17358560669379,64.3775879488492,63.445002636911966,63.9404411315918,303500,0.0,0.0,0.0
2024-04-12 00:00:00-04:00,63.522714214554426,63.91129324576656,62.68727189148334,62.94956588745117,385500,0.0,0.0,0.0
2024-04-15 00:00:00-04:00,63.31871540244936,63.49357560561622,62.25983766895863,62.47355651855469,447000,0.0,0.0,0.0
2024-04-16 00:00:00-04:00,62.0655523328177,62.318129830814534,61.65754765941985,61.98783874511719,238500,0.0,0.0,0.0
2024-04-17 00:00:00-04:00,62.20155668985389,62.658136545096966,61.812981322335354,62.279273986816406,255800,0.0,0.0,0.0
2024-04-18 00:00:00-04:00,62.3181309872697,62.77471083043834,62.046124160858895,62.37641525268555,202200,0.0,0.0,0.0
2024-04-19 00:00:00-04:00,62.35698972705806,63.075856177191675,62.35698972705806,62.852420806884766,1659700,0.0,0.0,0.0
2024-04-22 00:00:00-04:00,62.939849467277206,63.571289467496655,62.67755547091858,63.28956985473633,181200,0.0,0.0,0.0
2024-04-23 00:00:00-04:00,63.25071183484146,63.95015261666488,63.2409953207804,63.82386016845703,233400,0.0,0.0,0.0
2024-04-24 00:00:00-04:00,63.59072441973753,63.76558463913856,62.939858707561925,63.26043701171875,203600,0.0,0.0,0.0
2024-04-25 00:00:00-04:00,62.531846508123905,63.610149829994015,62.405554057751594,63.46443176269531,226300,0.0,0.0,0.0
2024-04-26 00:00:00-04:00,63.53243093542229,63.8044340346981,63.396429385784394,63.697574615478516,202200,0.0,0.0,0.0
2024-04-29 00:00:00-04:00,63.72672654016934,63.97930406182821,63.46443991456455,63.79472732543945,159600,0.0,0.0,0.0
2024-04-30 00:00:00-04:00,63.24099931738179,63.377000876716856,62.492990741038945,62.522132873535156,311400,0.0,0.0,0.0
2024-05-01 00:00:00-04:00,62.366693304770926,63.260427295286995,62.21126614002587,62.54155349731445,211500,0.0,0.0,0.0
2024-05-02 00:00:00-04:00,62.891283533400305,63.42558070692082,62.590138260068564,63.19243621826172,210200,0.0,0.0,0.0
2024-05-03 00:00:00-04:00,63.833571815222896,63.833571815222896,63.22156488355712,63.571285247802734,257200,0.0,0.0,0.0
2024-05-06 00:00:00-04:00,63.98900739697292,64.53301356708047,63.940432241129805,64.51358795166016,143300,0.0,0.0,0.0
2024-05-07 00:00:00-04:00,64.5718807819071,64.72730796048857,64.19301823292385,64.35816192626953,131500,0.0,0.0,0.0
2024-05-08 00:00:00-04:00,63.542153488478164,64.21244478639014,63.44500316247909,64.20272827148438,137400,0.0,0.0,0.0
2024-05-09 00:00:00-04:00,64.27073774323978,64.90217040562307,64.27073774323978,64.7953109741211,158800,0.0,0.0,0.0
2024-05-10 00:00:00-04:00,65.06731502028202,65.29074296455002,64.64959385107588,64.70787811279297,120500,0.0,0.0,0.0
2024-05-13 00:00:00-04:00,64.8147374805396,64.88273825633009,64.44558405922382,64.50387573242188,523700,0.0,0.0,0.0
2024-05-14 00:00:00-04:00,64.64959715383186,64.81474084481945,64.35816100730037,64.58159637451172,165400,0.0,0.0,0.0
2024-05-15 00:00:00-04:00,64.87301851514623,64.99931095785243,64.43587175131422,64.90216064453125,264500,0.0,0.0,0.0
2024-05-16 00:00:00-04:00,64.80501987749359,64.97016355713431,64.63987619785289,64.8633041381836,120500,0.0,0.0,0.0
2024-05-17 00:00:00-04:00,64.8633075787584,65.36846256996213,64.83416544686759,65.34902954101562,111800,0.0,0.0,0.0
2024-05-20 00:00:00-04:00,65.22274449897917,65.61132355109075,65.22274449897917,65.34902954101562,124800,0.0,0.0,0.0
2024-05-21 00:00:00-04:00,65.25189423438817,65.38789580674556,64.90217378788925,65.2130355834961,125600,0.0,0.0,0.0
2024-05-22 00:00:00-04:00,64.73703217509875,65.0673270126047,64.46502902158213,64.69817352294922,88500,0.0,0.0,0.0
2024-05-23 00:00:00-04:00,65.09646015500462,65.09646015500462,63.833580074981725,64.10558319091797,137000,0.0,0.0,0.0
2024-05-24 00:00:00-04:00,64.3192990919321,64.88273832711286,64.3192990919321,64.77587890625,117800,0.0,0.0,0.0
2024-05-28 00:00:00-04:00,64.75645658012479,64.85359949179227,64.3873031396477,64.58159637451172,136300,0.0,0.0,0.0
2024-05-29 00:00:00-04:00,63.86272754959785,63.86272754959785,63.16328667209087,63.19243621826172,255800,0.0,0.0,0.0
2024-05-30 00:00:00-04:00,63.376995937233005,64.08615322266327,63.367286834843725,63.911293029785156,162400,0.0,0.0,0.0
2024-05-31 00:00:00-04:00,64.28043832591322,64.84387754250254,63.78500729447324,64.81473541259766,272400,0.0,0.0,0.0
2024-06-03 00:00:00-04:00,64.717591163881,64.9507356098025,63.9112909994724,64.29015350341797,195700,0.0,0.0,0.0
2024-06-04 00:00:00-04:00,63.82386084919036,63.82386084919036,63.2507125094617,63.746150970458984,157300,0.0,0.0,0.0
2024-06-05 00:00:00-04:00,63.98901681211498,64.15416050783519,63.794723571683015,64.13472747802734,148100,0.0,0.0,0.0
2024-06-06 00:00:00-04:00,63.97929821936856,64.44558715820312,63.97929821936856,64.44558715820312,146500,0.0,0.0,0.0
2024-06-07 00:00:00-04:00,63.862722076170996,64.01815666297514,63.47414302068965,63.49357604980469,125600,0.0,0.0,0.0
2024-06-10 00:00:00-04:00,63.347854704885435,63.775292384985555,63.28957044360947,63.68785858154297,167100,0.0,0.0,0.0
2024-06-11 00:00:00-04:00,63.182714214629335,63.25071499339522,62.82327729170735,63.15357208251953,219100,0.0,0.0,0.0
2024-06-12 00:00:00-04:00,64.14444219172982,64.14444219172982,63.32843283941732,63.48386001586914,205800,0.0,0.0,0.0
2024-06-13 00:00:00-04:00,63.26043405141053,63.26043405141053,62.50270152844484,62.62899398803711,130900,0.0,0.0,0.0
2024-06-14 00:00:00-04:00,62.16270179284031,62.55127716064453,61.8906949590362,62.55127716064453,123000,0.0,0.0,0.0
2024-06-17 00:00:00-04:00,62.2015562453609,62.522134534393395,61.95869525273554,62.49299240112305,164300,0.0,0.0,0.0
2024-06-18 00:00:00-04:00,62.44441296292064,62.87185065236743,62.3958452146382,62.57070541381836,169700,0.0,0.0,0.0
2024-06-20 00:00:00-04:00,62.6289911344572,62.774709205754654,62.34727150635653,62.60955810546875,207600,0.0,0.0,0.0
2024-06-21 00:00:00-04:00,62.17240817140152,62.54155417676892,62.17240817140152,62.463844299316406,204200,0.0,0.0,0.0
2024-06-24 00:00:00-04:00,62.65813532585738,63.61986276958422,62.65813532585738,63.53243637084961,195800,0.0,0.0,0.0
2024-06-25 00:00:00-04:00,63.161804528353684,63.494290444720455,63.083579130999134,63.41605758666992,255700,0.431,0.0,0.0
2024-06-26 00:00:00-04:00,62.858664475534546,63.269375808506375,62.858664475534546,63.200923919677734,249000,0.0,0.0,0.0
2024-06-27 00:00:00-04:00,63.464954706483944,63.728981275362834,63.26937256222556,63.719207763671875,203600,0.0,0.0,0.0
2024-06-28 00:00:00-04:00,63.69965217704034,64.041911637785,63.29872179750994,63.53341293334961,205700,0.0,0.0,0.0
2024-07-01 00:00:00-04:00,63.62141944484196,63.87567252794077,63.22048906447144,63.24982452392578,192700,0.0,0.0,0.0
2024-07-02 00:00:00-04:00,63.24981995964536,63.88544889117531,63.22048450230795,63.85611343383789,169200,0.0,0.0,0.0
2024-07-03 00:00:00-04:00,64.20815273291412,65.02957536694137,64.20815273291412,64.75576782226562,144700,0.0,0.0,0.0
2024-07-05 00:00:00-04:00,65.08825121337094,65.08825121337094,64.39395132655471,64.40373229980469,131600,0.0,0.0,0.0
2024-07-08 00:00:00-04:00,64.30594442397175,64.49173815002362,64.12992421039341,64.4428482055664,197300,0.0,0.0,0.0
2024-07-09 00:00:00-04:00,64.34506252476338,64.52108274290687,64.18859679277062,64.31571960449219,198700,0.0,0.0,0.0
2024-07-10 00:00:00-04:00,64.61886401224494,65.31316384603817,64.5015147242969,65.30338287353516,178200,0.0,0.0,0.0
2024-07-11 00:00:00-04:00,65.4500707933051,65.82166569878943,65.4402898203276,65.62609100341797,3123700,0.0,0.0,0.0
2024-07-12 00:00:00-04:00,65.95856319312632,66.27148715232295,65.80210494387585,66.07591247558594,3885600,0.0,0.0,0.0
2024-07-15 00:00:00-04:00,65.84123002364618,66.25194137518343,65.81189456435018,65.99768829345703,3252600,0.0,0.0,0.0
2024-07-16 00:00:00-04:00,65.81188487440399,66.73109479335564,65.81188487440399,66.7017593383789,451100,0.0,0.0,0.0
2024-07-17 00:00:00-04:00,66.26172690895187,66.61376736612618,66.04659024504565,66.22261047363281,1430600,0.0,0.0,0.0
2024-07-18 00:00:00-04:00,66.32038902082795,66.35950545095032,65.55763728518193,65.75321197509766,634100,0.0,0.0,0.0
2024-07-19 00:00:00-04:00,65.23493424064871,65.90967962378124,65.23493424064871,65.6163101196289,237000,0.0,0.0,0.0
2024-07-22 00:00:00-04:00,65.76299697999846,66.11503741198877,65.45985395383329,66.01725006103516,358700,0.0,0.0,0.0
2024-07-23 00:00:00-04:00,65.75322048297384,65.91946719767886,65.66521409933338,65.69454956054688,303900,0.0,0.0,0.0
2024-07-24 00:00:00-04:00,65.4598437216888,65.72387027406275,65.07846789009562,65.10780334472656,677200,0.0,0.0,0.0
2024-07-25 00:00:00-04:00,64.59930578676591,65.49896879144342,64.59930578676591,65.03936004638672,2113000,0.0,0.0,0.0
2024-07-26 00:00:00-04:00,65.48918013116766,65.71409026041444,65.2642625412253,65.58696746826172,169900,0.0,0.0,0.0
2024-07-29 00:00:00-04:00,65.67497650625441,65.67497650625441,65.16647045332381,65.38160705566406,142400,0.0,0.0,0.0
2024-07-30 00:00:00-04:00,65.35228431528333,65.79233111607314,65.35228431528333,65.56742095947266,275500,0.0,0.0,0.0
2024-07-31 00:00:00-04:00,66.2030436184556,66.9169054538947,66.06613983533522,66.57464599609375,346800,0.0,0.0,0.0
2024-08-01 00:00:00-04:00,66.10525359019037,66.63331421542154,64.78510575746063,65.11758422851562,346300,0.0,0.0,0.0
2024-08-02 00:00:00-04:00,64.20815220123038,64.39394591318127,63.17158548407497,63.68986511230469,310200,0.0,0.0,0.0
2024-08-05 00:00:00-04:00,61.3918328924683,62.858665500452844,61.32338100252355,62.58485794067383,493200,0.0,0.0,0.0
2024-08-06 00:00:00-04:00,62.4870735539438,63.75832406469858,62.35016603721714,63.464962005615234,345000,0.0,0.0,0.0
2024-08-07 00:00:00-04:00,64.43306913042983,64.53085648292135,63.29872241227396,63.48451614379883,318300,0.0,0.0,0.0
2024-08-08 00:00:00-04:00,63.826771735988814,64.74598920718019,63.650751527903154,64.58953094482422,185000,0.0,0.0,0.0
2024-08-09 00:00:00-04:00,64.58953480381223,64.92201329411823,64.3157197721113,64.85356140136719,153800,0.0,0.0,0.0
2024-08-12 00:00:00-04:00,64.98068982143283,65.21538844028878,64.79489607404363,65.00025177001953,137000,0.0,0.0,0.0
2024-08-13 00:00:00-04:00,64.9806782315787,65.89011470052192,64.9806782315787,65.8314437866211,302900,0.0,0.0,0.0
2024-08-14 00:00:00-04:00,65.74343919038697,66.29105429676605,65.74343919038697,66.25193786621094,250000,0.0,0.0,0.0
2024-08-15 00:00:00-04:00,66.6822157223535,67.21027638007828,66.6822157223535,67.01469421386719,144700,0.0,0.0,0.0
2024-08-16 00:00:00-04:00,66.92668399429468,67.3471763016494,66.92668399429468,67.28849792480469,143700,0.0,0.0,0.0
2024-08-19 00:00:00-04:00,67.36673211560398,67.93390918521348,67.36673211560398,67.73832702636719,98900,0.0,0.0,0.0
2024-08-20 00:00:00-04:00,67.82633548697848,67.82633548697848,67.41562417699977,67.58186340332031,145600,0.0,0.0,0.0
2024-08-21 00:00:00-04:00,68.05125567852319,68.08059859988128,67.72855815055425,67.9534683227539,155200,0.0,0.0,0.0
2024-08-22 00:00:00-04:00,67.88501221814316,67.95346410900672,67.50363633180389,67.70899200439453,162100,0.0,0.0,0.0
2024-08-23 00:00:00-04:00,68.25661356630475,69.09759819038887,68.1588187573722,68.88246154785156,111000,0.0,0.0,0.0
2024-08-26 00:00:00-04:00,69.16604579660414,69.44962685071705,69.0975939110086,69.18560028076172,107500,0.0,0.0,0.0
2024-08-27 00:00:00-04:00,69.07803257752293,69.283388236127,68.81400600523087,69.13670349121094,120100,0.0,0.0,0.0
2024-08-28 00:00:00-04:00,68.89223039109521,69.04869610622586,68.45218362350818,68.66732025146484,118600,0.0,0.0,0.0
2024-08-29 00:00:00-04:00,68.9020081447643,69.37139780753313,68.81400177963641,68.89222717285156,187000,0.0,0.0,0.0
2024-08-30 00:00:00-04:00,68.95091467255686,69.42029693677512,68.63799067617917,69.34207153320312,131500,0.0,0.0,0.0
2024-09-03 00:00:00-04:00,68.51085334645478,68.725989970675,68.01213567470332,68.19792938232422,237600,0.0,0.0,0.0
2024-09-04 00:00:00-04:00,67.98280541892696,68.73578374392915,67.98280541892696,68.38374328613281,295300,0.0,0.0,0.0
2024-09-05 00:00:00-04:00,68.54019672957769,68.73577889271479,68.1197118654004,68.18816375732422,180700,0.0,0.0,0.0
2024-09-06 00:00:00-04:00,68.1588240278937,68.6477682675793,67.0440317582663,67.41563415527344,295500,0.0,0.0,0.0
2024-09-09 00:00:00-04:00,67.85566858104427,68.78465948232596,67.85566858104427,68.29571533203125,530500,0.0,0.0,0.0
2024-09-10 00:00:00-04:00,68.09036568934889,68.09036568934889,67.28849751057346,67.87523651123047,220900,0.0,0.0,0.0
2024-09-11 00:00:00-04:00,68.02191801411726,68.69666343025015,67.30806362550129,68.65754699707031,320200,0.0,0.0,0.0
2024-09-12 00:00:00-04:00,68.88246357163771,69.3127294086572,68.64776497613981,69.27361297607422,213600,0.0,0.0,0.0
2024-09-13 00:00:00-04:00,69.52786307397085,69.78211614450153,69.35184286524904,69.4887466430664,100100,0.0,0.0,0.0
2024-09-16 00:00:00-04:00,69.7527822774977,69.99725438070439,69.43007731069773,69.92880249023438,97700,0.0,0.0,0.0
2024-09-17 00:00:00-04:00,70.0559192255704,70.2221584507741,69.5865370060899,69.81144714355469,113500,0.0,0.0,0.0
2024-09-18 00:00:00-04:00,69.63542496260148,70.27105384987648,69.36161743225426,69.41051483154297,123100,0.0,0.0,0.0
2024-09-19 00:00:00-04:00,70.5546426788021,70.5741971621907,69.8603428777234,70.48619079589844,191200,0.0,0.0,0.0
2024-09-20 00:00:00-04:00,70.20261032599842,70.49597237457303,69.95813822183797,70.45686340332031,93000,0.0,0.0,0.0
2024-09-23 00:00:00-04:00,70.64265915344738,70.96536413075334,70.55465277456217,70.84801483154297,395700,0.0,0.0,0.0
2024-09-24 00:00:00-04:00,71.26216492276023,71.42939900812277,71.0063902887476,71.34085845947266,134700,0.431,0.0,0.0
2024-09-25 00:00:00-04:00,71.28184010658671,71.3605411527022,70.93753241151258,70.97688293457031,506400,0.0,0.0,0.0
2024-09-26 00:00:00-04:00,71.19330579432719,71.6064750210783,71.06541472032467,71.35070037841797,176100,0.0,0.0,0.0
2024-09-27 00:00:00-04:00,71.4294045966703,71.55728817100984,70.96704532009227,71.0162353515625,127700,0.0,0.0,0.0
2024-09-30 00:00:00-04:00,70.95719905381827,71.1834626695459,70.54402984806622,71.1146011352539,96100,0.0,0.0,0.0
2024-10-01 00:00:00-04:00,70.97687927431238,71.439238514716,70.80964518894984,71.34085845947266,188800,0.0,0.0,0.0
2024-10-02 00:00:00-04:00,71.43924529960991,71.70485196009713,71.0850980820635,71.24249267578125,536000,0.0,0.0,0.0
2024-10-03 00:00:00-04:00,70.80965182440981,71.04574746736014,70.48501562451236,70.79981231689453,160400,0.0,0.0,0.0
2024-10-04 00:00:00-04:00,70.79981286155615,71.409727235982,70.79981286155615,71.3703842163086,99600,0.0,0.0,0.0
2024-10-07 00:00:00-04:00,71.13427895609742,71.26217003495059,70.544036109017,70.88834381103516,214400,0.0,0.0,0.0
2024-10-08 00:00:00-04:00,70.5735478236903,70.7998114617376,70.34729169098809,70.7014389038086,146700,0.0,0.0,0.0
2024-10-09 00:00:00-04:00,70.36695835148875,70.8981791341134,70.33744733667814,70.83915710449219,270100,0.0,0.0,0.0
2024-10-10 00:00:00-04:00,70.53419951804021,70.96704779295683,70.35712590606026,70.8686752319336,86700,0.0,0.0,0.0
2024-10-11 00:00:00-04:00,70.77030048176202,71.4884269098285,70.77030048176202,71.30152130126953,108700,0.0,0.0,0.0
2024-10-14 00:00:00-04:00,71.10476575849962,71.39005141866248,71.10476575849962,71.3211898803711,84700,0.0,0.0,0.0
2024-10-15 00:00:00-04:00,70.92769187016941,71.15395549811589,70.7604577786212,71.03590393066406,91800,0.0,0.0,0.0
2024-10-16 00:00:00-04:00,71.17363037397037,71.75404122638732,71.17363037397037,71.58679962158203,141000,0.0,0.0,0.0
2024-10-17 00:00:00-04:00,71.66550113002548,71.86225375301593,71.56712857120282,71.71469116210938,132000,0.0,0.0,0.0
2024-10-18 00:00:00-04:00,71.91142841957793,72.0983415146523,71.67533280314062,72.02947998046875,112600,0.0,0.0,0.0
2024-10-21 00:00:00-04:00,71.82290276765593,72.19672149092195,71.4589160464675,71.58679962158203,133500,0.0,0.0,0.0
2024-10-22 00:00:00-04:00,71.50810035094233,71.66549493037364,71.13427415227206,71.62614440917969,160400,0.0,0.0,0.0
2024-10-23 00:00:00-04:00,71.20313555818183,71.49826071392603,70.77029483652667,71.18346405029297,301800,0.0,0.0,0.0
2024-10-24 00:00:00-04:00,71.45890845541801,71.45890845541801,70.42597794077152,70.9867172241211,211400,0.0,0.0,0.0
2024-10-25 00:00:00-04:00,71.12444488796929,71.12444488796929,70.51452304400898,70.56371307373047,140200,0.0,0.0,0.0
2024-10-28 00:00:00-04:00,70.37679768811329,71.02606252841116,70.37679768811329,70.99655151367188,441500,0.0,0.0,0.0
2024-10-29 00:00:00-04:00,70.8489877256335,71.04574032944551,70.49484804946076,70.77029418945312,132300,0.0,0.0,0.0
2024-10-30 00:00:00-04:00,70.59322391343584,70.86867006636193,70.37679979175255,70.72110748291016,119900,0.0,0.0,0.0
2024-10-31 00:00:00-04:00,70.46533318431082,70.46533318431082,69.42257059873359,69.64883422851562,170100,0.0,0.0,0.0
2024-11-01 00:00:00-04:00,70.06199804675572,70.24891113929317,69.67833986074824,69.8160629272461,260400,0.0,0.0,0.0
2024-11-04 00:00:00-05:00,70.30794008974705,70.51452470983698,69.8750918350758,70.1603775024414,156300,0.0,0.0,0.0
2024-11-05 00:00:00-05:00,70.42598881120699,70.97688867321197,70.258754703699,70.93753814697266,137400,0.0,0.0,0.0
2024-11-06 00:00:00-05:00,70.64240752530696,71.34086242536439,70.2784283199128,71.26216888427734,131200,0.0,0.0,0.0
2024-11-07 00:00:00-05:00,71.69500222240914,72.4623260878337,71.69500222240914,72.30492401123047,188800,0.0,0.0,0.0
2024-11-08 00:00:00-05:00,71.81305797921256,71.88191951541721,71.46875029818936,71.75403594970703,130100,0.0,0.0,0.0
2024-11-11 00:00:00-05:00,71.95077755920818,72.3245962368394,71.91142703966634,71.96061706542969,170800,0.0,0.0,0.0
2024-11-12 00:00:00-05:00,72.28526391387723,72.68859366448261,72.08851128706765,72.38363647460938,205300,0.0,0.0,0.0
2024-11-13 00:00:00-05:00,72.16721513701762,72.41315030105999,72.01965253752309,72.36396026611328,133700,0.0,0.0,0.0
2024-11-14 00:00:00-05:00,72.78695859995062,72.78695859995062,72.16720477745362,72.22622680664062,241900,0.0,0.0,0.0
2024-11-15 00:00:00-05:00,72.00980030830675,72.00980030830675,71.3802070000091,71.6163101196289,270900,0.0,0.0,0.0
2024-11-18 00:00:00-05:00,71.81305913430876,72.30492940235197,71.8032196274514,72.1376953125,150700,0.0,0.0,0.0
2024-11-19 00:00:00-05:00,71.74420151499565,72.51151797419159,71.70485099076188,72.50167846679688,195600,0.0,0.0,0.0
2024-11-20 00:00:00-05:00,72.40330590888497,72.50167846679688,72.02948718668172,72.50167846679688,125000,0.0,0.0,0.0
2024-11-21 00:00:00-05:00,72.85582729365004,73.67233380256386,72.5410305981507,73.61331176757812,173900,0.0,0.0,0.0
2024-11-22 00:00:00-05:00,73.81989098853198,73.85924151075538,73.58379536053631,73.7805404663086,348600,0.0,0.0,0.0
2024-11-25 00:00:00-05:00,74.00681141427205,74.09534446902478,73.5149410958358,73.65266418457031,305300,0.0,0.0,0.0
2024-11-26 00:00:00-05:00,72.68859155962433,73.28867391966259,72.57053998695702,73.25916290283203,413400,0.0,0.0,0.0
2024-11-27 00:00:00-05:00,73.32802453913763,73.80021581973008,73.32802453913763,73.70184326171875,119800,0.0,0.0,0.0
2024-11-29 00:00:00-05:00,73.88876023879534,74.26257898092075,73.7903876756408,74.22322845458984,95500,0.0,0.0,0.0
2024-12-02 00:00:00-05:00,74.27241540561273,74.27241540561273,73.47558792019012,73.9576187133789,272000,0.0,0.0,0.0
2024-12-03 00:00:00-05:00,74.08549901374714,74.29208363026478,73.71168030366923,73.84940338134766,402300,0.0,0.0,0.0
2024-12-04 00:00:00-05:00,74.07566597400296,74.25273957215747,73.68216825528799,73.9084243774414,218700,0.0,0.0,0.0
2024-12-05 00:00:00-05:00,73.97728529809315,74.39046202723617,73.91826326764901,74.25273895263672,184300,0.0,0.0,0.0
2024-12-06 00:00:00-05:00,74.19371125405586,74.19371125405586,73.56411789591255,73.69200897216797,181500,0.0,0.0,0.0
2024-12-09 00:00:00-05:00,74.15436241160937,74.18388093357605,73.26900189157946,73.2886734008789,112300,0.0,0.0,0.0
2024-12-10 00:00:00-05:00,73.33786839308506,73.33786839308506,72.9837211589788,72.9935531616211,226600,0.0,0.0,0.0
2024-12-11 00:00:00-05:00,73.17062541652952,73.65266372946724,73.17062541652952,73.52477264404297,425700,0.0,0.0,0.0
2024-12-12 00:00:00-05:00,73.15095329145309,73.24932585263662,72.48200936792166,72.51152038574219,140600,0.0,0.0,0.0
2024-12-13 00:00:00-05:00,72.50167975177783,72.51151925934694,71.99013793836261,72.12786102294922,272900,0.0,0.0,0.0
2024-12-16 00:00:00-05:00,72.03932736103478,72.10818890274516,71.57696807868862,71.71469116210938,162300,0.0,0.0,0.0
2024-12-17 00:00:00-05:00,71.409727235982,71.41956674357297,71.21298211623403,71.3703842163086,178300,0.0,0.0,0.0
2024-12-18 00:00:00-05:00,71.31135579521991,71.35070632085609,69.03891735348422,69.1963119506836,383700,0.0,0.0,0.0
2024-12-19 00:00:00-05:00,69.6685042873784,69.81606686848318,68.94053839403138,68.97988891601562,351900,0.0,0.0,0.0
2024-12-20 00:00:00-05:00,68.52737251606449,70.04232640700813,68.42899245362956,69.5307846069336,364500,0.0,0.0,0.0
2024-12-23 00:00:00-05:00,69.35370917069285,70.09151458740234,69.10777403178967,70.09151458740234,235700,0.0,0.0,0.0
2024-12-24 00:00:00-05:00,70.2303513245667,70.27993805017223,69.7940123500286,70.16093444824219,86500,0.57,0.0,0.0
2024-12-26 00:00:00-05:00,70.01218281860096,70.3791049219574,70.01218281860096,70.26010131835938,212900,0.0,0.0,0.0
2024-12-27 00:00:00-05:00,69.91301527350076,70.29976751868016,69.57584975344571,69.94276428222656,174000,0.0,0.0,0.0
2024-12-30 00:00:00-05:00,69.65517595246577,69.9725113130241,69.1295899708415,69.74443054199219,182800,0.0,0.0,0.0
2024-12-31 00:00:00-05:00,69.70476826161679,70.0617715165855,69.66510039263446,70.00226593017578,192800,0.0,0.0,0.0
2025-01-02 00:00:00-05:00,70.20060031553247,70.47826781291973,69.84359708578545,70.19068145751953,229300,0.0,0.0,0.0
2025-01-03 00:00:00-05:00,70.46835062653147,70.62702209501494,70.16093411368485,70.50801849365234,148500,0.0,0.0,0.0
2025-01-06 00:00:00-05:00,71.29144652197866,71.42036142417277,70.72619261870827,70.894775390625,187500,0.0,0.0,0.0
2025-01-07 00:00:00-05:00,71.21210546012516,71.47986166927255,70.35926523951163,70.51793670654297,183900,0.0,0.0,0.0
2025-01-08 00:00:00-05:00,70.27993640411785,70.8451902597704,70.18076295522954,70.75593566894531,710200,0.0,0.0,0.0
2025-01-10 00:00:00-05:00,70.43860058214582,70.47826844868354,69.47667562475421,69.72459411621094,255900,0.0,0.0,0.0
2025-01-13 00:00:00-05:00,69.10976277694003,69.55601304604444,69.10976277694003,69.35768127441406,274300,0.0,0.0,0.0
2025-01-14 00:00:00-05:00,69.41717533820878,69.75434084394738,69.20892472009875,69.645263671875,152000,0.0,0.0,0.0
2025-01-15 00:00:00-05:00,70.51793500944699,70.63693860685653,70.12126391728695,70.42868041992188,395400,0.0,0.0,0.0
2025-01-16 00:00:00-05:00,70.24026618225804,70.45843565710103,70.04192685700458,70.22042846679688,253900,0.0,0.0,0.0
2025-01-17 00:00:00-05:00,70.29976722231086,70.85510222517661,70.29976722231086,70.51793670654297,149100,0.0,0.0,0.0
2025-01-21 00:00:00-05:00,70.89477604268826,71.80712192295486,70.8551081726008,71.79720306396484,159000,0.0,0.0,0.0
2025-01-22 00:00:00-05:00,71.71786101792182,71.84677590996667,71.5195292507956,71.54927825927734,190600,0.0,0.0,0.0
2025-01-23 00:00:00-05:00,71.62861073354888,72.11452883701037,71.58894286875403,72.0550308227539,250000,0.0,0.0,0.0
2025-01-24 00:00:00-05:00,72.19386854494334,72.3525324469945,72.09469509455535,72.22361755371094,144900,0.0,0.0,0.0
2025-01-27 00:00:00-05:00,71.45011140667704,71.94594838363976,71.45011140667704,71.90628051757812,490900,0.0,0.0,0.0
2025-01-28 00:00:00-05:00,71.97570433675014,72.17403612032379,71.83687057507407,72.144287109375,127000,0.0,0.0,0.0
2025-01-29 00:00:00-05:00,71.96578412591379,72.35253639272796,71.81703150809162,72.16411590576172,218000,0.0,0.0,0.0
2025-01-30 00:00:00-05:00,72.71944926236414,73.3541199562325,72.2731914656348,72.75911712646484,274600,0.0,0.0,0.0
2025-01-31 00:00:00-05:00,72.65003463464784,73.21528847525944,71.63852298352917,71.69802856445312,304000,0.0,0.0,0.0
2025-02-03 00:00:00-05:00,70.09151529125172,71.0831892441184,68.9411698743079,70.76585388183594,361700,0.0,0.0,0.0
2025-02-04 00:00:00-05:00,71.44019218585609,72.36244926095758,71.44019218585609,72.02527618408203,254300,0.0,0.0,0.0
2025-02-05 00:00:00-05:00,72.2732003270869,72.80870520929773,72.06494968942808,72.73928833007812,864600,0.0,0.0,0.0
2025-02-06 00:00:00-05:00,72.78886976632148,72.95745252276068,72.34261194731722,72.81861877441406,524000,0.0,0.0,0.0
2025-02-07 00:00:00-05:00,72.798796566868,73.00704721210866,72.44179329906325,72.69962310791016,237500,0.0,0.0,0.0
2025-02-10 00:00:00-05:00,73.21529517591019,73.41362695481682,72.95745781063366,73.1954574584961,437700,0.0,0.0,0.0
2025-02-11 00:00:00-05:00,72.89795253604815,73.42353850713472,72.65003405414907,73.30453491210938,404400,0.0,0.0,0.0
2025-02-12 00:00:00-05:00,72.7293704712051,73.35412995864273,72.68971016756787,73.06654357910156,346900,0.0,0.0,0.0
2025-02-13 00:00:00-05:00,73.1458734077331,74.06813049316406,73.10620554142865,74.06813049316406,446700,0.0,0.0,0.0
2025-02-14 00:00:00-05:00,74.11771195929201,74.13754967599782,73.4433733428645,73.46321105957031,209300,0.0,0.0,0.0
2025-02-18 00:00:00-05:00,73.38386973405657,73.94912356315702,73.13595125522531,73.8896255493164,161500,0.0,0.0,0.0
2025-02-19 00:00:00-05:00,73.35412465973302,73.62187330224161,73.18554190089901,73.60204315185547,130900,0.0,0.0,0.0
2025-02-20 00:00:00-05:00,73.53262722673753,73.7706268638059,73.21529185535569,73.4731216430664,124200,0.0,0.0,0.0
2025-02-21 00:00:00-05:00,73.49295831240406,73.50287717051992,72.16411126213985,72.23352813720703,183500,0.0,0.0,0.0
2025-02-24 00:00:00-05:00,72.47154304175365,72.59053908830764,71.90628912300393,72.00545501708984,2434000,0.0,0.0,0.0
2025-02-25 00:00:00-05:00,72.3029519564979,72.38228012312696,71.28152142376015,72.01536560058594,2311100,0.0,0.0,0.0
2025-02-26 00:00:00-05:00,71.96577388341635,72.49135983449477,71.84677029292125,72.20377349853516,275400,0.0,0.0,0.0
2025-02-27 00:00:00-05:00,72.02527714365088,72.0550337178463,71.18235578903978,71.21210479736328,204700,0.0,0.0,0.0
2025-02-28 00:00:00-05:00,70.87493706849348,72.04511260986328,70.87493706849348,72.04511260986328,185100,0.0,0.0,0.0
2025-03-03 00:00:00-05:00,72.51120691912114,72.71945755499429,70.27002152002015,70.69644165039062,276900,0.0,0.0,0.0
2025-03-04 00:00:00-05:00,70.05185137338619,70.33943774383064,68.83209657950248,69.56593322753906,296400,0.0,0.0,0.0
2025-03-05 00:00:00-05:00,69.94276827022165,71.09311377902294,69.85352123895557,71.02369689941406,497800,0.0,0.0,0.0
2025-03-06 00:00:00-05:00,70.26009901538147,71.37077658160747,70.08159739877144,70.40885162353516,218100,0.0,0.0,0.0
2025-03-07 00:00:00-05:00,69.9725182693435,70.86502642397748,69.49651896412041,70.66669464111328,579500,0.0,0.0,0.0
2025-03-10 00:00:00-04:00,69.64526198410604,69.87334274637331,68.79242181677729,69.32792663574219,230400,0.0,0.0,0.0
2025-03-11 00:00:00-04:00,69.43700671422806,69.63534604393456,68.22717084944159,68.94116973876953,463200,0.0,0.0,0.0
2025-03-12 00:00:00-04:00,69.30809218532758,69.89318375366955,68.84200421542937,69.50642395019531,398600,0.0,0.0,0.0
2025-03-13 00:00:00-04:00,69.42709712089848,69.4965139965263,68.35608741189321,68.57425689697266,199400,0.0,0.0,0.0
2025-03-14 00:00:00-04:00,69.16925456677768,70.04192487559105,68.97092281300645,70.0220947265625,155200,0.0,0.0,0.0
2025-03-17 00:00:00-04:00,70.13118875739107,71.09311377902294,70.12126989862625,71.02369689941406,172900,0.0,0.0,0.0
2025-03-18 00:00:00-04:00,70.94435950698097,71.0137763849714,70.20060400028112,70.70635986328125,167100,0.0,0.0,0.0
2025-03-19 00:00:00-04:00,70.84519065034576,71.75752888452145,70.84519065034576,71.54927825927734,390400,0.0,0.0,0.0
2025-03-20 00:00:00-04:00,71.05344161403528,71.80711595127433,70.81544197917579,71.65836334228516,147300,0.0,0.0,0.0
2025-03-21 00:00:00-04:00,70.89476977198876,71.36085774694992,70.6567701383878,71.3211898803711,188700,0.0,0.0,0.0
2025-03-24 00:00:00-04:00,71.57902990380862,72.66986979491918,71.57902990380862,72.42195129394531,160300,0.0,0.0,0.0
2025-03-25 00:00:00-04:00,72.71535780369466,73.11320014856518,72.59600282377002,72.76509094238281,130500,0.215,0.0,0.0
2025-03-26 00:00:00-04:00,72.80486611412884,73.11319790575625,71.94950775477008,72.19815826416016,243800,0.0,0.0,0.0
2025-03-27 00:00:00-04:00,71.98929771359552,72.16832639623651,71.59146294169278,72.0191421508789,141300,0.0,0.0,0.0
2025-03-28 00:00:00-04:00,71.81026948042715,71.84011391789734,70.7957786645863,70.83556365966797,148600,0.0,0.0,0.0
2025-03-31 00:00:00-04:00,70.06971241473026,71.40248312714421,69.95036502343545,71.17372131347656,604100,0.0,0.0,0.0
2025-04-01 00:00:00-04:00,71.14388874807257,71.94951404065237,70.54712899104264,71.90973663330078,202700,0.0,0.0,0.0
2025-04-02 00:00:00-04:00,71.07426301736922,72.68552110265585,70.95490803720338,72.63578796386719,411000,0.0,0.0,0.0
2025-04-03 00:00:00-04:00,71.48205330215568,72.38713723744698,70.94496727527677,71.04442596435547,317200,0.0,0.0,0.0
2025-04-04 00:00:00-04:00,68.48830074587188,68.76678811785833,66.5985552511202,67.10580444335938,577000,0.0,0.0,0.0
2025-04-07 00:00:00-04:00,64.70881002860486,68.17997681204274,64.30102711454107,66.05152893066406,930500,0.0,0.0,0.0
2025-04-08 00:00:00-04:00,67.9412633189154,68.08050699826751,64.48005244900392,65.06686401367188,617200,0.0,0.0,0.0
2025-04-09 00:00:00-04:00,64.81821840684593,69.43317164140318,64.42037604078851,69.12484741210938,333400,0.0,0.0,0.0
2025-04-10 00:00:00-04:00,67.90147838414806,68.29932072043961,66.56871528401456,67.71250915527344,392300,0.0,0.0,0.0
2025-04-11 00:00:00-04:00,68.34905752522438,70.0199893567311,68.20981383828314,69.76139068603516,868800,0.0,0.0,0.0
2025-04-14 00:00:00-04:00,70.3382599272657,70.9847527933745,70.01003942148886,70.65653228759766,406700,0.0,0.0,0.0
2025-04-15 00:00:00-04:00,70.56701225739397,71.27318638897073,70.55707170042803,70.75598907470703,217000,0.0,0.0,0.0
2025-04-16 00:00:00-04:00,70.87534811736548,71.63124025355019,70.64658629443335,71.22345733642578,561400,0.0,0.0,0.0
2025-04-17 00:00:00-04:00,71.34280706017839,72.07881043880853,71.16377839097525,71.66107940673828,230800,0.0,0.0,0.0
2025-04-21 00:00:00-04:00,71.73070535650679,71.88983774480143,70.61674828559748,71.20355987548828,121000,0.0,0.0,0.0
2025-04-22 00:00:00-04:00,71.85005252024719,72.59600408425203,71.82021567180087,72.25784301757812,158200,0.0,0.0,0.0
2025-04-23 00:00:00-04:00,72.95405760833386,73.36184808423562,72.33740920428323,72.45675659179688,288000,0.0,0.0,0.0
2025-04-24 00:00:00-04:00,72.8247632069943,73.43147106365046,72.52637955715272,73.4016342163086,166700,0.0,0.0,0.0
2025-04-25 00:00:00-04:00,72.43686843745726,73.4513591800477,72.43686843745726,73.39168548583984,192000,0.0,0.0,0.0
2025-04-28 00:00:00-04:00,73.44141092460777,73.98844508139585,73.44141092460777,73.9188232421875,87300,0.0,0.0,0.0
2025-04-29 00:00:00-04:00,73.7994715389473,74.17742518702283,73.5707173092074,74.10780334472656,152300,0.0,0.0,0.0
2025-04-30 00:00:00-04:00,73.5707173092074,74.27688387770156,72.98389813424302,74.10780334472656,966300,0.0,0.0,0.0
2025-05-01 00:00:00-04:00,74.04812411677355,74.44596647875204,73.83925858408251,73.87904357910156,277800,0.0,0.0,0.0
2025-05-02 00:00:00-04:00,74.60510406344041,74.89353957690855,74.3564535437139,74.76423645019531,241800,0.0,0.0,0.0
2025-05-05 00:00:00-04:00,74.53548314425032,74.86369606731198,74.366395021702,74.51558685302734,104300,0.0,0.0,0.0
2025-05-06 00:00:00-04:00,74.49569741673099,74.80402163374647,74.32661688405874,74.63494110107422,240000,0.0,0.0,0.0
2025-05-07 00:00:00-04:00,74.64489305954699,75.16208282949606,74.53548621794414,74.8338623046875,576600,0.0,0.0,0.0
2025-05-08 00:00:00-04:00,74.82391905605762,75.02283644006638,74.49569854305254,74.65483093261719,316800,0.0,0.0,0.0
2025-05-09 00:00:00-04:00,74.97310084394759,75.12229267117274,74.4061779710612,74.74434661865234,193500,0.0,0.0,0.0
2025-05-12 00:00:00-04:00,75.54002338077183,75.61959336669946,74.75429443142383,75.00294494628906,328400,0.0,0.0,0.0
2025-05-13 00:00:00-04:00,75.09245366381779,75.63948781850762,75.06261681687313,75.500244140625,226700,0.0,0.0,0.0
2025-05-14 00:00:00-04:00,75.48034937825497,75.66932619701116,75.16207702405119,75.65937805175781,813000,0.0,0.0,0.0
2025-05-15 00:00:00-04:00,75.659378909289,76.40533045930363,75.53008337237596,76.33570861816406,854000,0.0,0.0,0.0
2025-05-16 00:00:00-04:00,76.266091908692,76.49485373823546,76.12684821704366,76.42522430419922,139700,0.0,0.0,0.0
2025-05-19 00:00:00-04:00,76.09701043795882,76.8529025867593,76.09701043795882,76.67387390136719,320800,0.0,0.0,0.0
2025-05-20 00:00:00-04:00,76.80317136509086,77.1214437169407,76.70371267792743,76.97225189208984,162700,0.0,0.0,0.0
2025-05-21 00:00:00-04:00,76.88274186704,77.12144423547947,76.50478822978171,76.58435821533203,319100,0.0,0.0,0.0
2025-05-22 00:00:00-04:00,76.2163584170702,76.90263631434007,76.2163584170702,76.68382263183594,136800,0.0,0.0,0.0
2025-05-23 00:00:00-04:00,76.41528062728081,77.60880010361048,76.41528062728081,77.42977142333984,185300,0.0,0.0,0.0
2025-05-27 00:00:00-04:00,77.83756295281948,78.35475270920972,77.77788166646579,77.976806640625,242200,0.0,0.0,0.0
2025-05-28 00:00:00-04:00,77.80772322580653,78.16577298962588,77.78782693502059,77.92707061767578,129200,0.0,0.0,0.0
2025-05-29 00:00:00-04:00,78.65313405758232,78.65313405758232,77.63863568980824,77.93701934814453,412600,0.0,0.0,0.0
2025-05-30 00:00:00-04:00,77.88728568580534,78.36469801829404,77.68836830705847,78.32491302490234,138500,0.0,0.0,0.0
2025-06-02 00:00:00-04:00,78.55367627175055,79.08081416442899,78.25529260997965,79.01119232177734,128400,0.0,0.0,0.0
2025-06-03 00:00:00-04:00,78.63323827867941,79.0410287751803,78.52383144245779,78.8719482421875,126500,0.0,0.0,0.0
2025-06-04 00:00:00-04:00,78.97140708207975,79.11065076695003,78.66307527568551,78.74264526367188,148800,0.0,0.0,0.0
2025-06-05 00:00:00-04:00,79.02113072532178,79.1305375591083,78.74264336230574,78.84210205078125,268700,0.0,0.0,0.0
2025-06-06 00:00:00-04:00,79.03107700834043,79.30956436479418,78.83215963607671,78.94156646728516,194800,0.0,0.0,0.0
2025-06-09 00:00:00-04:00,79.05097534913445,79.10070089938462,78.48405247644395,78.71280670166016,355200,0.0,0.0,0.0
2025-06-10 00:00:00-04:00,79.01119286541274,79.11065155728345,78.72275734723941,79.02113342285156,183900,0.0,0.0,0.0
2025-06-11 00:00:00-04:00,79.56816653124324,79.5880552340629,78.97140679990126,79.39908599853516,210800,0.0,0.0,0.0
2025-06-12 00:00:00-04:00,79.55821596427994,79.92622145504247,79.49854226942549,79.88643646240234,117800,0.0,0.0,0.0
2025-06-13 00:00:00-04:00,79.82676657495965,80.1251426516747,79.38913922325672,79.6875228881836,179700,0.0,0.0,0.0
2025-06-16 00:00:00-04:00,80.2743299230559,80.61249856330616,79.78697704703046,80.00579071044922,616400,0.0,0.0,0.0
2025-06-17 00:00:00-04:00,80.09530136473789,80.09530136473789,79.3195129847687,79.47865295410156,323700,0.0,0.0,0.0
2025-06-18 00:00:00-04:00,79.69746108439456,79.69746108439456,79.20016004972496,79.24989318847656,286200,0.0,0.0,0.0
2025-06-20 00:00:00-04:00,79.38914104193381,79.41897789146765,78.77248499479055,78.7923812866211,182400,0.0,0.0,0.0
2025-06-23 00:00:00-04:00,78.64318419851517,79.36924703760003,78.57356235818196,79.2300033569336,303800,0.0,0.0,0.0
2025-06-24 00:00:00-04:00,79.45999908447266,79.91999816894531,79.27999877929688,79.69999694824219,1187000,0.43,0.0,0.0
2025-06-25 00:00:00-04:00,79.54000091552734,79.54000091552734,79.0199966430664,79.16999816894531,208100,0.0,0.0,0.0
2025-06-26 00:00:00-04:00,79.75,80.33000183105469,79.51000213623047,80.18000030517578,332200,0.0,0.0,0.0
2025-06-27 00:00:00-04:00,80.02999877929688,80.37999725341797,79.25,79.72000122070312,224700,0.0,0.0,0.0
2025-06-30 00:00:00-04:00,79.94999694824219,80.7300033569336,79.83000183105469,80.69999694824219,245800,0.0,0.0,0.0
2025-07-01 00:00:00-04:00,80.56999969482422,80.9000015258789,80.36000061035156,80.7300033569336,469200,0.0,0.0,0.0
2025-07-02 00:00:00-04:00,80.58000183105469,80.88999938964844,80.19000244140625,80.8499984741211,225100,0.0,0.0,0.0
2025-07-03 00:00:00-04:00,80.97000122070312,81.5,80.95999908447266,81.47000122070312,251600,0.0,0.0,0.0
2025-07-07 00:00:00-04:00,81.16999816894531,81.25,80.51000213623047,80.75,259800,0.0,0.0,0.0
2025-07-08 00:00:00-04:00,80.91000366210938,80.91000366210938,80.18000030517578,80.33000183105469,151100,0.0,0.0,0.0
2025-07-09 00:00:00-04:00,80.5999984741211,80.63999938964844,80.30999755859375,80.5,123800,0.0,0.0,0.0
2025-07-10 00:00:00-04:00,80.56999969482422,81.08000183105469,80.33000183105469,80.98999786376953,127400,0.0,0.0,0.0
2025-07-11 00:00:00-04:00,80.6500015258789,80.76000213623047,80.33000183105469,80.55999755859375,2773200,0.0,0.0,0.0
2025-07-14 00:00:00-04:00,80.48999786376953,81.0999984741211,80.36000061035156,81.08000183105469,696800,0.0,0.0,0.0
2025-07-15 00:00:00-04:00,81.36000061035156,81.36000061035156,80.31999969482422,80.44000244140625,468900,0.0,0.0,0.0
2025-07-16 00:00:00-04:00,80.4800033569336,81.02999877929688,80.11000061035156,81.01000213623047,346300,0.0,0.0,0.0
2025-07-17 00:00:00-04:00,80.58000183105469,81.58000183105469,80.54000091552734,81.4800033569336,1121800,0.0,0.0,0.0
2025-07-18 00:00:00-04:00,81.94999694824219,81.94999694824219,81.18000030517578,81.31999969482422,149400,0.0,0.0,0.0
2025-07-21 00:00:00-04:00,81.62000274658203,81.9000015258789,81.44000244140625,81.45999908447266,224800,0.0,0.0,0.0
2025-07-22 00:00:00-04:00,81.52999877929688,82.1500015258789,81.44999694824219,82.12000274658203,191700,0.0,0.0,0.0
2025-07-23 00:00:00-04:00,82.33999633789062,82.55000305175781,82.05000305175781,82.33000183105469,305900,0.0,0.0,0.0
2025-07-24 00:00:00-04:00,81.9000015258789,82.33000183105469,81.8499984741211,81.91000366210938,196700,0.0,0.0,0.0
2025-07-25 00:00:00-04:00,81.52999877929688,82.0199966430664,81.5199966430664,81.93000030517578,167500,0.0,0.0,0.0
2025-07-28 00:00:00-04:00,81.79000091552734,81.80000305175781,81.38999938964844,81.51000213623047,409100,0.0,0.0,0.0
2025-07-29 00:00:00-04:00,81.5999984741211,81.7300033569336,81.31999969482422,81.58000183105469,244500,0.0,0.0,0.0
2025-07-30 00:00:00-04:00,81.41999816894531,81.63999938964844,80.58000183105469,80.80000305175781,227400,0.0,0.0,0.0
2025-07-31 00:00:00-04:00,80.72000122070312,81.20999908447266,80.29000091552734,80.44999694824219,312200,0.0,0.0,0.0
2025-08-01 00:00:00-04:00,80.12000274658203,80.27999877929688,79.62999725341797,80.0,469200,0.0,0.0,0.0
2025-08-04 00:00:00-04:00,80.5199966430664,81.25,80.5199966430664,81.22000122070312,217100,0.0,0.0,0.0
2025-08-05 00:00:00-04:00,81.31999969482422,81.7699966430664,81.26000213623047,81.7699966430664,290600,0.0,0.0,0.0
2025-08-06 00:00:00-04:00,82.55999755859375,83.22000122070312,82.55999755859375,83.16000366210938,194200,0.0,0.0,0.0
2025-08-07 00:00:00-04:00,83.4000015258789,83.44999694824219,82.20999908447266,82.55999755859375,130400,0.0,0.0,0.0
2025-08-08 00:00:00-04:00,82.72000122070312,82.81999969482422,82.38999938964844,82.44999694824219,109400,0.0,0.0,0.0
2025-08-11 00:00:00-04:00,82.4800033569336,82.62000274658203,82.23999786376953,82.41999816894531,101100,0.0,0.0,0.0
2025-08-12 00:00:00-04:00,82.62000274658203,82.93000030517578,82.51000213623047,82.69000244140625,98000,0.0,0.0,0.0
2025-08-13 00:00:00-04:00,83.06999969482422,83.20999908447266,82.77999877929688,83.0199966430664,188700,0.0,0.0,0.0
2025-08-14 00:00:00-04:00,82.70999908447266,82.70999908447266,82.25,82.44000244140625,109600,0.0,0.0,0.0
